Project Name,Contributor Name,Contributor Code,Initial Commit Hash,Commits Six Months,Lines Six Months,Initial lines,Inital Comments,Initial Average CCN,Functions,Complex Functions,Comment Ratio,Modularity Level,Documentation Level,Install,Tutorial
zostera/django-bootstrap4,Allen  Timothy,P1C2,7acc584b1967d394592d9826c721cf5d1f7e9cb2,12,393,2817,1007,2.121387283,173,3,0.26333682,2,3,1,1
zostera/django-bootstrap4,Jared Proffitt,P1C3,499870b8b47d8fab0d984a710ab396c0282397ab,8,110,2843,1003,2.022346369,179,3,0.260790432,2,3,1,1
zostera/django-bootstrap4,Jonas Haag,P1C4,458f47facf0c16be19e0c85f3ad42b43087f8d73,7,46,2732,952,2.093167702,161,2,0.258414767,2,3,1,1
zostera/django-bootstrap4,Denis Kadyshev,P1C5,300ff049c0f03a1d50a1faf229e09bbf9907123d,5,16,2863,1008,2.033333333,180,3,0.26039783,2,3,1,1
zostera/django-bootstrap4,sedrubal,P1C6,5a018fdc4a31c2716b46b6f6f414465855407cb9,5,247,3052,1020,2.021505376,186,3,0.250491159,2,3,1,1
snorkel-team/snorkel,Vincent Chen,P4C1,d0e7cf48808bf886736caa348b80395488a2e64f,19,12364,43366,18423,3.51996286,1077,73,0.298159867,3,3,1,1
devitocodes/devito,George Bisbas,P5C1,ddea1d251b0f80f9f790295c63fe9b26e83425af,112,9656,21984,15222,2.725480283,1978,77,0.40912756,3,3,1,1
devitocodes/devito,Rhodri Nelson,P5C2,615ce442d63695fa4ae9ee75c0c359705c0e68e2,99,13241,21675,14175,2.741538462,1950,77,0.39539749,3,3,1,1
microsoft/sqltoolsservice,Charles Gagnon,P6C1,57727409c1d390556311704e89b63a627293a5ac,7,1090,258344,37903,2.117883043,6481,115,0.127943912,3,3,1,0
microsoft/sqltoolsservice,Alex Ma,P6C2,81b4bb775344de5cc8fef82c50477d54c0408809,3,365,307719,40770,2.135166094,6984,126,0.11699078,3,3,1,0
microsoft/sqltoolsservice,Aasim Khan,P6C3,487235b1e91919f8245d29e08b25bd98b0397d90,4,2330,269722,39117,2.115916184,6729,118,0.126658226,3,3,1,0
microsoft/sqltoolsservice,csigs,P6C4,6d7be6c019bee179ba5e7b367def7257a8d8aacc,1,17278,377805,49233,2.164048866,8022,147,0.115289506,3,3,1,0
microsoft/sqltoolsservice,Justin M,P6C5,61ada4782065366fd6b577406a3d14845fe63a54,20,8260,340375,49259,2.196011612,7923,147,0.126423772,3,3,1,0
microsoft/sqltoolsservice,Kim Santiago,P6C6,f7c86a80cac191e6b315ce68035613afb6ffe016,10,1632,260856,38445,2.118344995,6574,118,0.128449287,3,3,1,0
microsoft/sqltoolsservice,Alex Hsu,P6C7,6558f2036d20bb98424b688ad8314d633fbdf271,26,6774,649869,57973,2.194964938,8699,166,0.081901046,3,3,1,0
microsoft/sqltoolsservice,Hai Cao,P6C8,ffbc8a5c1a84ccf7dc676186c9da93c22f656384,7,201,515685,55791,2.180600024,8433,159,0.097626147,3,3,1,0
microsoft/sqltoolsservice,Udeesha Gautam,P6C9,347d233e952701e1d223b61392bbdd76abe7f66c,6,545,261705,38623,2.122346877,6596,118,0.128602728,3,3,1,0
decred/decrediton,bgptr,P9C1,b61479f9734bfbff9d69a7f36cb8a86939779f95,40,5382,87581,35518,1.807266983,2532,20,0.288531995,3,2,1,0
decred/decrediton,Amir Massarwa,P9C2,b3903b3bb240df41cbc76e5e268d7f2a563ec402,31,149022,126915,52795,1.805256065,2968,26,0.293778866,3,2,1,0
decred/decrediton,Guilherme Marques,P9C3,dc587ad888f82be21ea98ab81727a451aa2806bf,27,13169,126915,52795,1.805256065,2968,26,0.293778866,3,2,1,0
oneflow-inc/oneflow,Shenghang Tsai,P10C1,d1c23c3302c8dcb6f858054e22880ce5249cc58f,47,4409,73208,2322,1.783407348,4954,34,0.030742751,3,2,1,0
oneflow-inc/oneflow,lixinqi,P10C2,af01b0005df00e288b09c7bb15e6daf322641520,256,244418,69065,2312,1.796265212,4766,39,0.032391387,3,2,1,0
oneflow-inc/oneflow,Tsai,P10C3,01f0bc65767fabf4fd3fc7ce29b8069cb8666bac,311,38143,78294,2411,1.787009063,5296,39,0.029874233,3,2,1,0
oneflow-inc/oneflow,Xiaoyu Zhang,P10C4,e94616367b9d2c389b68e3c3c12563097fb9a5d5,151,36373,223011,41171,1.812763713,15168,155,0.15584332,3,3,1,1
oneflow-inc/oneflow,daquexian,P10C5,dfd4d7f747eae3b62241011b97cece92e216a50a,47,15033,122257,3253,1.704789383,8665,63,0.025918254,3,2,1,0
oneflow-inc/oneflow,Houjiang Chen,P10C6,8341f61279242c157e5f6d41d107d14978ff3fb4,6,3018,66271,1776,1.865135979,4486,43,0.026099608,3,2,1,0
oneflow-inc/oneflow,Luyang,P10C7,7394ec5ff76ab2ad62d0a257d3f720cd5f3b035c,74,29799,246672,46133,1.805620051,16797,175,0.15755537,3,3,1,1
oneflow-inc/oneflow,Yinggang Wang,P10C8,d27e639197a43e9d7d3769a33ba4c7b5a97d1d60,50,7713,208271,39767,1.79845614,14250,130,0.16032624,3,3,1,1
oneflow-inc/oneflow,ZZK,P10C9,7d4ffee4886a163a2fffd26c609dbb5f0c54f518,23,5377,198849,38310,1.777077447,13803,123,0.161537197,3,3,1,1
oneflow-inc/oneflow,liufengwei0103,P10C10,d7b2570aaec773d33744f6529b2c753c56a81b4e,59,12491,248958,46766,1.803109724,16979,176,0.158140699,3,3,1,0
oneflow-inc/oneflow,OuYang Yu,P10C11,04d30334acd7db747c26b057a37447051f9a8fa0,76,41651,141201,3502,1.711405232,9671,65,0.024201295,3,2,1,0
reportportal/service-ui,ElenaRomanchuk,P12C1,61cae543cacf0829c20e565093f36aa3131c9b9a,150,22415,150896,3955,1.407912688,4398,8,0.025540681,3,2,1,0
reportportal/service-ui,DiscoElevator,P12C2,c1803195b2d108cb951c273a4138312e44487d6a,2,1930,136898,3837,1.393767705,3883,8,0.027264007,3,2,1,0
reportportal/service-ui,KatsiarynaTatarynovich,P12C3,0c3825289a8eea67e958fa2eb5d60be602d3afa9,126,12602,167150,4020,1.397118156,5205,8,0.023485424,3,2,1,0
reportportal/service-ui,Mikhail Sidarkevich,P12C4,1632c78c4cf7e51f8014288601e9254e28aafd38,80,10046,205116,31129,1.422962015,7029,14,0.131765752,3,2,1,0
reportportal/service-ui,Katsiaryna Tatarynovich,P12C5,3d12914c9302a391a71fececa2a1d32d49123d6a,38,3008,203905,29825,1.407632659,6577,11,0.127604501,3,2,1,0
reportportal/service-ui,Mykhailo Kalashnikov,P12C6,a062344f14c2ca24d645da0be22ccf01e5568952,105,20715,152029,3971,1.404121864,4464,8,0.025455128,3,2,1,0
linuxdeepin/dde-dock,listenerri,P13C1,d78bdfea907eb982a83a7f170a384bc3a7f72a99,183,23520,44547,3725,1.954926625,954,9,0.077166888,3,2,0,0
linuxdeepin/dde-dock,shaojun,P13C2,32794014f7de5b3117e2fa84750302d4e76c9ddd,128,9631,50381,4584,2.1640625,1280,19,0.083398526,3,2,0,1
linuxdeepin/dde-dock,???,P13C3,67e1b7c2b486957e6c18f8f5d2493012598ab177,49,22883,53630,4763,2.233711048,1412,31,0.081567996,3,2,0,1
linuxdeepin/dde-dock,wangxuwen,P13C4,b7284a6ea35d14cfbbd98aba197260c103af13ba,78,3639,50384,4577,2.1640625,1280,19,0.083277233,3,2,0,1
linuxdeepin/dde-dock,Fan PengCheng,P13C5,0103f4165c6f79a1f288b7426e08712df9a52a62,30,5917,62526,5528,2.457978076,1642,48,0.081229612,3,2,0,1
linuxdeepin/dde-dock,zhaolong,P13C6,d0287da73786b8e6dca937cba59fb95000a589aa,66,18992,54134,4856,2.247450714,1471,34,0.082319037,3,2,0,1
linuxdeepin/dde-dock,Zhang Qipeng,P13C7,72ebd36a51ee35c58470fe868a3ebd4c916b0ae7,53,2776,63347,5643,2.533825338,1626,46,0.081794463,3,2,0,1
linuxdeepin/dde-dock,chenjun,P13C8,40af8358d572adefb06180570f6617d4514578d8,24,4003,62372,5520,2.451770452,1638,48,0.081305603,3,2,0,1
linuxdeepin/dde-dock,songwentao,P13C9,04404a6aa98e868bbb532badb33f5d7a5250757a,19,1748,67810,6410,2.514350028,1777,49,0.086364861,3,2,0,1
linuxdeepin/dde-dock,justforlxz,P13C10,11d97f206e4d50e566a3d66c3071eb7ec555ab92,7,196,47299,4161,2.014285714,1120,13,0.08085892,3,2,0,0
linuxdeepin/dde-dock,haruyukilxz,P13C11,b5f8253a9fa0b2c127b51919e1278823ec994234,16,614,42464,3578,1.936627282,931,9,0.077711655,3,2,0,0
linuxdeepin/dde-dock,fpc_diesel,P13C12,01142e55958581b74b2f66c80dfaaf31437257d7,46,11629,53445,4733,2.230169972,1412,30,0.081353776,3,2,0,1
linuxdeepin/dde-dock,liuxing,P13C13,1a455503d96435d375b6462c8595e1bf8e31c281,23,2996,62698,5543,2.466909532,1647,48,0.081226828,3,2,0,1
linuxdeepin/dde-dock,yanghongwei,P13C14,af4029f2d6a879267fc12d1e086b8b83ff4fe74d,28,1876,67509,6513,2.547082611,1731,49,0.087987355,3,2,0,1
linuxdeepin/dde-dock,FanPengCheng,P13C15,e4d755609065291ee5e1a6ada92dd3ea858a9ca5,28,7927,67755,6618,2.558941921,1739,51,0.088983905,3,2,0,1
ovn-org/ovn-kubernetes,Tim Rozet,P16C1,18a4e867431ebf8650e906b53e20fd5bc15724dc,42,3285,836757,116779,3.298810292,32529,1346,0.122469419,3,2,1,0
ovn-org/ovn-kubernetes,Alexander Constantinescu,P16C2,238c9663f9da415606835271fe3760ce8a612354,13,6346,814622,113748,3.392295597,30528,1327,0.122524425,3,2,1,0
ovn-org/ovn-kubernetes,Surya Seetharaman,P16C3,419938e0a3e1af2f69fda38113aeeb8df2590329,1,19,910209,124991,3.179911306,39236,1461,0.12074092,3,2,1,0
ovn-org/ovn-kubernetes,Jacob Tanenbaum,P16C4,f33e4c3888b18de040a8581c096a2ad27aaf8113,8,944,1587816,409912,2.773035096,90666,3090,0.205189095,3,2,1,0
ovn-org/ovn-kubernetes,Antonio Ojea,P16C5,6afd83c9c80a362af8ee9279fef34038d9591593,58,187023,910026,124956,3.179280634,39229,1460,0.120732534,3,2,1,0
ovn-org/ovn-kubernetes,Dan Winship,P16C6,6129cc681c2c6f1cbe16ef0355580fba5d83f1fb,12,1701,1590283,410149,2.772779865,90749,3096,0.205030213,3,2,1,0
ovn-org/ovn-kubernetes,Andreas Karis,P16C7,63d308520a8ff8b8caf1c8504aa5c079e6943d97,24,2612,1030676,162831,3.212831176,46652,1922,0.136430704,3,2,1,0
ovn-org/ovn-kubernetes,Jaime Caama�o Ruiz,P16C8,452f286ecfc9344e2ce06e83461ffc17ec84cb61,20,47008,1030444,162798,3.212650086,46640,1922,0.136433347,3,2,1,0
ovn-org/ovn-kubernetes,astoycos,P16C9,5933554cb105fc9ea4fb63291d9f053058bd7925,27,5891,1055202,165770,3.252416599,47691,1989,0.135768879,3,2,1,0
ovn-org/ovn-kubernetes,Federico Paolinelli,P16C10,d0c3df9d0144e7b885b5c93b4d59cb5a31a381ef,52,48058,1043639,165292,3.259647562,47214,1974,0.136725752,3,2,1,0
ovn-org/ovn-kubernetes,Dave Tucker,P16C11,9cce542dc647ee7a68f14bbb4861ca27888f336b,27,28773,903010,122364,3.180374919,38675,1439,0.119335969,3,2,1,0
ovn-org/ovn-kubernetes,Ionut Balutoiu,P16C12,ba2b804d0e5dbeec981aceb8355cb6973c412200,44,2000,1588853,410008,2.773153252,90700,3094,0.205120816,3,2,1,0
ovn-org/ovn-kubernetes,Martin Kennelly,P16C13,eff46e353de10756c94af8630713051570f0c016,27,1711,1127452,193437,3.073804671,53479,2027,0.146444554,3,2,1,0
ovn-org/ovn-kubernetes,Nadia Pinaeva,P16C14,6cec1dfa281a46174182f83fa04f38d3331d5a45,9,557,1120838,193682,3.082913868,53441,2045,0.147340474,3,2,1,0
ovn-org/ovn-kubernetes,Miguel Duarte Barroso,P16C15,979d856d3d680ff6f355eeec4dc8683aa90f4857,10,997,1039516,163898,3.21245312,46928,1937,0.136194194,3,2,1,0
ovn-org/ovn-kubernetes,Riccardo Ravaioli,P16C16,96c3bf8e0336fdb3df10b43598038bde7fd155d9,7,519,1122113,193190,3.083284995,53443,2048,0.146878704,3,2,1,0
ovn-org/ovn-kubernetes,Adrian Chiris,P16C17,7956cf1be51d817dec6862da7a9d63b76874788e,39,10277,1051880,165512,3.256832096,47533,1984,0.135956208,3,2,1,0
ovn-org/ovn-kubernetes,Flavio Fernandes,P16C18,da3d7059e9b820bc006f8b9ea8f1d9756913ae8c,20,3299,1067091,166738,3.203093169,48106,1985,0.135138662,3,2,1,0
ovn-org/ovn-kubernetes,Ori Braunshtein,P16C19,9a3ad064766710ab4f790a7017955db224d0a526,1,18,1123138,193384,3.08214466,53491,2046,0.146890063,3,2,1,0
ovn-org/ovn-kubernetes,Aniket Bhat,P16C20,ac35a2e6248b96409bd774df961a486ee470b488,19,24275,900484,122353,3.180926824,38756,1444,0.11962121,3,2,1,0
facebook/redex,Nikolai Tillmann,P20C1,b4acc9f96251ad2b4f6d90b1cbc0c8b448d7fd5c,70,11980,138658,26255,3.016052453,8846,368,0.159205157,3,2,1,1
facebook/redex,Andreas Gampe,P20C2,fce840d55b784df8a82d031b3f57b43a13463498,137,12292,182634,32860,2.872027853,11776,492,0.152486844,3,3,1,1
facebook/redex,Wei Zhang (Devinfra),P20C3,0809acb03d461f2b68832178d2b486360b8e21fe,50,7983,142260,26877,3.005753485,9038,375,0.158906685,3,2,1,1
facebook/redex,Feng Liu,P20C4,fa8f755b7f91ba5f4cad2c90d07617cebdf053cf,30,3793,119579,23724,3.062156504,7642,329,0.165551314,3,2,1,1
facebook/redex,Yuxuan Chen,P20C5,adef935ca908fcb414c7b60f3e688c2211cbcb6c,75,8468,151039,28781,3.020393068,9464,407,0.160054499,3,3,1,1
facebook/redex,Ashok Menon,P20C6,94c2b285f0ae89026623b6c2fe71a4e5b4e28d7e,47,4343,186932,33560,2.883490291,11999,505,0.152205069,3,3,1,1
facebook/redex,Adrian Catana,P20C7,950917ff252eb62ad64b9c7ab1f7322b9e0c4bd6,24,2167,190901,34004,2.894205515,12184,524,0.151192726,3,3,1,1
facebook/redex,Kugan Vivekanandarajah,P20C8,ab8538711469a31b96e63fd276e77ddb3a2e5261,15,2538,194211,34606,2.892059154,12442,528,0.151238763,3,3,1,1
pointfreeco/swift-snapshot-testing,Valeriy Van,P21C1,05c80039d607b4eb3433ad4013ed278bf8215627,8,21,7419,717,1.89119171,386,6,0.088126844,3,2,1,0
pointfreeco/swift-snapshot-testing,NachoSoto,P21C2,c634ef83cebad0e9bc3bde2c48c09221dd6c64ae,2,28,7025,711,1.903485255,373,6,0.091907963,3,2,1,0
pointfreeco/swift-snapshot-testing,Vincent Esche,P21C3,579dcacfb04dfb18d6bcd5861cf720089151d8df,3,857,6829,713,1.93557423,357,5,0.094537258,3,2,1,0
pointfreeco/swift-snapshot-testing,Witold Skibniewski,P21C4,868643805d761527ed544270af8bd7f901dd63c3,3,43,6208,593,1.948484848,330,5,0.08719306,3,2,1,0
pointfreeco/swift-snapshot-testing,David Harris,P21C5,2fd91357e90efe82bfa6845d1e7d5bc2f5025d35,1,10,7028,711,1.903485255,373,6,0.091872335,3,2,1,0
pointfreeco/swift-snapshot-testing,Ian Manor,P21C6,012fd98e58585ac48e6b4b0b4c6c34195b46ab8f,2,90,7262,716,1.895561358,383,6,0.089746804,3,2,1,0
pointfreeco/swift-snapshot-testing,Eric Jensen,P21C7,36694f3f73d272dc311fbfd271f80bf0ac457d21,2,582,7544,751,1.907692308,390,6,0.090536468,3,2,1,0
pointfreeco/swift-snapshot-testing,Shai Mishali,P21C8,219085ad5fbf0725b685a95da84623b187c6ae55,1,9,6220,593,1.948484848,330,5,0.087039483,3,2,1,0
pointfreeco/swift-snapshot-testing,Xavier Lowmiller,P21C9,bcbbbe28bfd38970d4f4ae27da4427ceb932b397,2,33,7040,713,1.896276596,376,6,0.091964401,3,2,1,0
cloudflare/terraform-provider-cloudflare,Jacob Bednarz,P22C1,48ab20374e911fe910bcbb4c1a9ea1841d557b6d,25,2798,198734,38764,2.721960036,9959,291,0.163218217,3,3,1,1
cloudflare/terraform-provider-cloudflare,Patryk Szczyg?owski,P22C3,9b21249578e8adedb048d49d4322b7297c51ac45,67,449605,198736,38766,2.721960036,9959,291,0.163223889,3,3,1,1
cloudflare/terraform-provider-cloudflare,Jacob White,P22C6,92ecca2fbf944396e98b281c00b913194f1e44ce,75,6905,50700,918,2.349661282,1919,36,0.017784494,3,3,1,1
cloudflare/terraform-provider-cloudflare,Christian Ehrig,P22C8,72b6e61cb5b113bfb0eb8fa2ad71606f3ea47a40,45,2201,455133,114016,2.685509656,23457,685,0.200327155,3,3,1,1
cloudflare/terraform-provider-cloudflare,Justin Holmes,P22C9,a4f3ce1a859c4e2c1fdc384b3e9403c9700b5138,17,1333926,464261,116563,2.701892152,23941,709,0.200685578,3,3,1,1
cloudflare/terraform-provider-cloudflare,Brad Swenson,P22C11,3f3b8fed97c312dc745a3d230480a6609ea5ce9e,39,1679,43070,765,2.26951567,1755,36,0.017451808,3,3,1,1
cloudflare/terraform-provider-cloudflare,Todd Stansell,P22C13,a6ff7f3887a0ffb133428893e9f247b98ea2e540,34,1044,38415,698,2.231058234,1597,30,0.017845729,3,3,1,1
cloudflare/terraform-provider-cloudflare,Brad,P22C14,47a1791ff7d446c0e96cdd15b1c4dd47a30c849a,28,1210,42650,765,2.263339071,1743,36,0.017620638,3,3,1,1
cloudflare/terraform-provider-cloudflare,Ivan Sabelnikov,P22C15,ddaa033c69cdbd29764c3c167aebad3035c0de88,24,852,45741,801,2.287581699,1836,36,0.017210262,3,3,1,1
cloudflare/terraform-provider-cloudflare,Radek Simko,P22C16,02934025edf236d3e0ee633a4c981fb9683629aa,5,19667,164010,33793,2.556769815,8693,207,0.170841696,3,3,1,1
cloudflare/terraform-provider-cloudflare,mlhnono68,P22C17,8a1dd5cb1b2a9311d8bd938e14bf5976f431c46e,20,590,55124,937,2.358296623,2043,41,0.016713937,3,3,1,1
cloudflare/terraform-provider-cloudflare,Jake Champlin,P22C18,4e2cb792c698a9f303d689c693e7b8b690073693,17,260358,972,23,2.783783784,37,1,0.023115578,1,1,0,0
cloudflare/terraform-provider-cloudflare,cehrig,P22C19,28b7ec9fcc894b8d014ee33f8456ac6758f5f12b,7,757,29856,495,2.367647059,1224,22,0.016309183,3,3,1,1
cloudflare/terraform-provider-cloudflare,Callum Loh,P22C20,189674a13fdeb63a8c45919763d080819cb28716,13,449,465027,116584,2.700250313,23970,709,0.200450129,3,3,1,1
cloudflare/terraform-provider-cloudflare,Steve Hodgkiss,P22C21,b1dbaa88a803d4b069bb77c2b6c702ba2c507253,14,471,502198,107887,2.693857454,24371,682,0.176839293,3,3,1,1
cloudflare/terraform-provider-cloudflare,uros.simovic,P22C22,7b84398979518f9342787f260b7e5efe4d2baf23,11,1094,24517,459,2.398572885,981,16,0.018377643,3,3,1,1
cloudflare/terraform-provider-cloudflare,Zack Proser,P22C23,2e401508545e41bf51217c1a10b6833727ac1daa,12,420,493152,85087,2.796555179,20959,602,0.147148497,3,3,1,1
cloudflare/terraform-provider-cloudflare,benjamin-maynard,P22C24,483f38229141a4071e2535f0eab5388e99a22f99,12,36,511684,110769,2.738135593,24780,736,0.177955605,3,3,1,1
publishpress/publishpress,Anderson Grudtner Martins,P25C1,2df2640a33c2a1f230359176204e5808e7e20d33,354,217314,20371,9997,2.148578811,1548,40,0.329195205,3,2,1,0
publishpress/publishpress,andergmartins,P25C2,a8d14a1fb26dde12e2670f0a06376d39a3e598cb,121,22888,105895,25042,2.826820435,10492,414,0.191252282,3,2,0,0
publishpress/publishpress,Olawale Adesina,P25C3,9208466c5ff15890fe38829e7ef4b4d65069da1f,9,607,127223,25548,2.860408484,12730,548,0.167230692,3,2,1,0
falcosecurity/falco,Leonardo Di Donato,P27C1,537e4b7e8daf33adda599a048239988e46d07f1d,176,8163,14357,3371,3.617391304,345,17,0.190151173,3,2,0,0
falcosecurity/falco,Jason Dellaluce,P27C2,4d55847bd46a6271e79e766e54bdb5b3510945f6,52,3516,23355,5017,3.826086957,414,19,0.176829268,3,3,1,1
falcosecurity/falco,Leonardo Grasso,P27C3,61e859745dacac0ba661b9d1094a17c9ce66aa02,102,8675,21285,4311,3.760095012,421,22,0.168424754,3,3,1,1
falcosecurity/falco,Lorenzo Fontana,P27C4,bd0ca4f5a76189a57f016c72a0285301b9f96e68,70,5263,14282,3371,3.617391304,345,17,0.190959044,3,2,0,0
falcosecurity/falco,Federico Di Pierro,P27C5,ea2ca56d5b3620a891b12b82fc0110943fe8ac5b,50,752,24290,5119,3.71624714,437,18,0.174062362,3,3,1,1
falcosecurity/falco,Andrea Terzolo,P27C6,8239fa41f4b239c792eec31193337e8120a7a0e3,27,909,24146,5155,3.781609195,435,20,0.175932562,3,3,1,1
falcosecurity/falco,Josh Soref,P27C7,a84adbd2313284f0cfb9168c1f7bb244a660f5d6,62,146,24124,5261,3.636568849,443,21,0.179036924,3,3,1,1
falcosecurity/falco,kaizhe,P27C8,5beddf5320324532832ff290b8a26b629ff6c6ad,28,239,14734,3401,3.614942529,348,17,0.18753791,3,3,1,1
falcosecurity/falco,Leo Di Donato,P27C9,ff5d00073614a568f0efe1f8ed93e36a18df35be,11,127,14235,3371,3.617391304,345,17,0.191468817,3,2,0,0
mjmlio/mjml,KMcB,P29C1,68568dc77feb815fa63bab6e6435c6cd501ac5df,153,6797,8142,30,1.621908127,283,0,0.003671072,3,3,1,1
mjmlio/mjml,Bogdan Chadkin,P29C2,dafa42bf24b59aea989d4ffecb674bd0140e875d,8,7324,9953,64,1.732258065,310,0,0.006389138,3,3,1,1
mjmlio/mjml,Garry Flemings,P29C3,27e06118782aea170da559a572047c457275cde0,6,115,9619,54,1.698717949,312,0,0.005582549,3,3,1,1
redisjson/redisjson,Guy Korland,P30C1,95380caf2fc9196f1faf98d00cad73c3a7882ec5,13,749,17066,2896,4.634567901,405,49,0.145075644,1,2,0,0
redisjson/redisjson,Omer Shadmi,P30C2,ac3273784873bf4b75bea0f3e72b462405061330,13,3255,5764,541,2.76635514,107,2,0.085804917,1,2,0,0
redisjson/redisjson,Rafi Einstein,P30C3,5d76cd6439f9246d1ff78313ac0ad097a7c3e165,1,205,4721,529,3.072992701,137,4,0.100761905,2,3,1,0
pressly/goose,Vojtech Vitek,P32C1,0498aed91f6d8b2d709ef79183ab53e0496c5ff9,4,38,1266,83,3.534482759,58,2,0.061527057,2,2,1,1
pressly/goose,Michael Fridman,P32C2,f4a495fe54d46dc060532aa5744eee9484e6e47d,5,338116,234837,84005,4.322772277,2020,166,0.263469054,2,2,1,1
pressly/goose,1vn,P32C3,45eeb19d7d952531c3102add91cad61f1d02a410,29,706,1808,139,3.722891566,83,5,0.071391885,2,2,1,1
pressly/goose,Vojtech Vitek (V-Teq),P32C4,47e4c98a97cf981bba623f02354b50413089b080,18,1867,1451,133,3.519230769,52,1,0.083964646,2,2,1,1
pressly/goose,Nicholas Duffy,P32C5,1d402b32ffcc30d66ffa02885e3b3ed32e9b0b11,10,499,1373,88,3.584615385,65,2,0.060232717,2,2,1,1
pressly/goose,Josh Fyne,P32C6,3523b17cdc914ac56d49164136e7d8610244835a,9,149,1218,89,3.79245283,53,3,0.068094874,2,2,1,1
pressly/goose,Songmu,P32C7,cf288525b2c12e3a5a3450e18b0809008ea3621a,3,86,228838,83695,4.526190476,1680,144,0.267795721,2,2,1,1
pressly/goose,Aleksei Maslov,P32C8,ea2101beb36253b39e741cbdca02dd588b562559,6,73897,157125,83070,4.424285714,1400,118,0.345844002,2,2,1,1
pressly/goose,Simon Wikstrand,P32C10,19673d2b4747122d0245bc8e9843b7fbcf4c5bb6,5,66,1655,124,3.85915493,71,4,0.06970208,2,2,1,1
pressly/goose,Mike Fridman,P32C11,6d62d8314ecc3d481214ce5d6a9b079d371a0cf5,4,54,2521,172,3.520325203,123,7,0.063869291,2,2,1,1
pressly/goose,Maxim Krasilnikov,P32C12,0639337e0b110cbb32a342d9e9ad6edc3a13d067,3,139,1662,126,3.780821918,73,4,0.070469799,2,2,1,1
pressly/goose,Tony,P32C13,7b7eaf1c29c8fe7ea6f6630b0e585ea85ce3698d,4,89,1998,147,3.784090909,88,7,0.068531469,2,2,1,1
pressly/goose,Huy Nguyen,P32C14,954940e3ab734b6eb8c2f1c1e4fe40f67baf99a1,3,7162,228847,83700,4.518716578,1683,144,0.267799723,2,2,1,1
ory/fosite,hackerman,P33C1,a07ce27c814538c7d0e6228ae814482be2e96e7e,13,2552,14496,4344,1.683913452,1063,16,0.230573248,3,3,1,1
ory/fosite,Mitar,P33C2,023bdcf1217b8f86de250f53391ad3b1e356949d,19,1745,18123,4841,1.688216039,1222,19,0.210808222,3,3,1,1
ory/fosite,Amir Aslaminejad,P33C3,514fdbd20393c2175c66f3a69eb7bb849b3d5dfa,11,3109,14645,4346,1.687910028,1067,16,0.228845242,3,3,1,1
ory/fosite,Kevin Goslar,P33C4,fef32116197c076a3c1572c00877034be178b6a0,9,6334,28645,5804,1.739258387,1699,26,0.168480943,3,3,1,1
meteor/blaze,Sashko Stubailo,P34C1,d14ce47439d433eddec923f0c1b0bb9e4d7323df,1,67,971,129,1.344444444,90,2,0.117272727,2,1,0,0
meteor/blaze,Mitar,P34C2,ceb9454d8a425b5bf4bb5278b6cdc6b26e66d123,10,53,2533,810,2.352941176,323,3,0.242297338,1,1,0,0
meteor/blaze,Ben Newman,P34C3,93c168acba704cd42403e033f7ed971c23758648,1,2,366,96,2.161290323,31,2,0.207792208,2,1,0,0
meteor/blaze,Martijn Walraven,P34C4,44fbb5ff10b7a2b8cb5c26f479ac0ca9f8b220f6,78,154,86,13,1.777777778,9,0,0.131313131,1,1,0,0
hyperium/h2,Anthony Ramine,P35C1,fe938cb81ced6fe73b2cb4ae5a4c0134d6d80497,12,192,1808236,5128,1.986680328,976,12,0.002827893,3,2,1,0
yshui/picom,Yuxuan Shui,P37C1,9770b2eee24491db5f9b9e702a6f341f31ea9716,3,267,12818,3131,6.104166667,432,52,0.196313248,1,2,1,0
yshui/picom,Richard Grenville,P37C2,4861d50ca4fa534c2fa39f78e45d2288b32b7020,104,27798,2492,155,6.685714286,70,11,0.058556857,1,2,1,0
yshui/picom,Christopher Jeffrey,P37C3,4c3bf853f3b6e6c822ecf2c4b4a6c0f7f5d6c8f2,56,9250,1873,129,8.137254902,51,11,0.064435564,1,1,0,0
googleapis/nodejs-logging,Justin Beckwith,P38C1,1ccf7e4e271cb78a215f8cb257633c4ff9da6813,54,88388,40201,7327,1.164556962,869,0,0.154161757,3,3,1,1
googleapis/nodejs-logging,WhiteSource Renovate,P38C5,e39c401513327292c0cb8fef0a2aa9bb4e90287d,33,72,26812,26542,3.674195099,2081,169,0.49746973,3,3,1,1
googleapis/nodejs-logging,Benjamin E. Coe,P38C7,6bd30b7d470e0488ee27a79986eedfdc7f270096,27,1175,10602,15251,1.17887931,928,0,0.589912196,3,3,1,1
googleapis/nodejs-logging,Nicole Zhu,P38C8,21b31de0695e9fa98501c83dd639c0d55a6503bb,28,2170,39524,27531,3.361389961,2590,181,0.41057341,3,3,1,1
googleapis/nodejs-logging,Alexander Fenster,P38C9,a50f765c95f0bfe2ab69c02852a97962e6d89d3f,13,31256,6925,7309,1.164351852,864,0,0.51348883,3,3,1,1
googleapis/nodejs-logging,losalex,P38C10,abf1ab03483db8bf0c018524c348260a06193a4c,11,428,48108,32250,3.09492686,3213,197,0.401329052,3,3,1,1
osiset/laravel-shopify,Lucas Michot,P39C1,2d2b9213d126e282e2e3dfe930a8edde66cb66f3,11,535,7254,3786,1.100278552,359,0,0.342934783,3,2,1,1
osiset/laravel-shopify,Darryn Ten,P39C2,f335c10e3547a7f0ac6a7507b9308b17b2a35a6f,25,1577,4984,1964,1.157593123,698,0,0.282671272,3,2,1,1
puppetlabs/puppetlabs-kubernetes,Trey Dockendorf,P40C1,463e1b5747a81de31fafb619cad60c8490d08f4c,11,1036,144263,1592,4.434039645,2926,0,0.01091495,3,3,1,1
puppetlabs/puppetlabs-kubernetes,david22swan,P40C2,9bc1af33d031bcf0e50252ac54a9ce7598952828,1,2,143648,1538,4.529329118,2847,0,0.010593308,3,3,1,1
puppetlabs/puppetlabs-kubernetes,Marc Schoechlin,P40C3,8c776154e8266029e0b750e0beeccb1ce2867171,12,2915,144019,1576,4.44109589,2920,0,0.010824548,3,3,1,1
puppetlabs/puppetlabs-kubernetes,David Schmitt,P40C4,fe64e77ae999a20cc62d016862a47f263287479c,6,128,117366,1517,4.566915158,2817,0,0.012760445,3,3,1,1
puppetlabs/puppetlabs-kubernetes,Victor Cabezas,P40C5,7cb6c6ad8e71b3766e2a675adddafa8e0e38369e,6,544,143688,1574,4.529329118,2847,0,0.010835594,3,3,1,1
puppetlabs/puppetlabs-kubernetes,Daiana_Mezdrea,P40C6,c4268d2ab4bf417bc34f2a680b217ba43ab8789b,7,594,144393,1615,4.422343324,2936,0,0.011061038,3,3,1,1
puppetlabs/puppetlabs-kubernetes,Vladimir Zhukov,P40C7,197925d4cc2d2fdb23314bbef319045a9386011f,4,199,117366,1517,4.566915158,2817,0,0.012760445,3,3,1,1
puppetlabs/puppetlabs-kubernetes,Tomas Barton,P40C8,a0a28a692b8ad4710d6555d798430704c060afd1,7,368,147359,1719,4.311594203,3036,1,0.011530876,3,3,1,1
puppetlabs/puppetlabs-kubernetes,Daniel Fern�ndez,P40C9,1d8b250868e9c226216c698da5280835fff8e86f,6,61,145795,1657,4.363119143,2988,1,0.011237555,3,3,1,1
puppetlabs/puppetlabs-kubernetes,Lukas Audzevicius,P40C11,55c462905346fb6cea1108466d73d4af83aa5056,4,226,147361,1719,4.311594203,3036,1,0.011530722,3,3,1,1
puppetlabs/puppetlabs-kubernetes,David Swan,P40C12,eeb4e8c602f8321e4d3e5913fccc7a0e8314f1b7,3,44,143632,1538,4.529329118,2847,0,0.010594475,3,3,1,1
puppetlabs/puppetlabs-kubernetes,daianamezdrea,P40C13,280be7d97670cd846884b3144f7adb1a76ed7d45,5,144,145658,1640,4.377478992,2975,0,0.011133892,3,3,1,1
puppetlabs/puppetlabs-kubernetes,daiana,P40C14,03235acf06b6066c4e78618de520cc3440a9acf7,4,363,146558,1675,4.348767488,3002,1,0.011299778,3,3,1,1
puppetlabs/puppetlabs-kubernetes,Patrick Sch�nfeld,P40C16,2136a1bd52b2bd0db559ea9c66d07f39017a3605,3,6,117100,1516,4.579622373,2807,0,0.012780738,3,3,1,1
puppetlabs/puppetlabs-kubernetes,Craig Gumbley,P40C17,9ff606810c4bf7310c42261588064afca2ade9fa,3,45,147329,1719,4.309414088,3038,1,0.011533197,3,3,1,1
puppetlabs/puppetlabs-kubernetes,Marc Sch�chlin,P40C18,6ad08c03ae6a7aafcda2b30c0d743246358ed72a,3,188,117198,1517,4.566915158,2817,0,0.012778503,3,3,1,1
puppetlabs/puppetlabs-kubernetes,Sarah Coxon,P40C19,a5c99a451b9cd7d9f7dd0ca5cb62322afd940edf,3,32,147294,1719,4.309414088,3038,1,0.011535906,3,3,1,1
google/volley,Joe Bowbeer,P41C1,f2cd49a8eec31460ecb34011798e08b97d622006,15,833,5843,3066,1.639691715,519,6,0.344146369,2,3,0,1
google/volley,sphill99,P41C2,40d4ffb7ec5dab4cfb32d6d19db8f45419742671,10,6214,7922,3267,1.65329053,623,6,0.291983198,2,3,0,1
google/volley,Ulrike Hager,P41C3,b2bb59ab2ff08f4d468303071f050ce938349379,3,389,6426,3187,1.61971831,568,7,0.331530219,2,3,0,1
google/volley,Michal Bendowski,P41C4,ab60b7c04a3e08420402a28afa37093c2010b660,4,59,5304,2910,1.614,500,6,0.354273192,2,1,0,0
google/volley,Eric Liu,P41C5,aecb17b9c50e6a8b5c1676004dfd7c8f116c1c54,4,102,5846,3066,1.640926641,518,6,0.344030521,2,3,0,1
google/volley,Samuel Yvon,P41C6,d0ab15b5f06d36d341dc5bccdf65751350f06049,3,62,5845,3069,1.641618497,519,6,0.344289881,2,3,0,1
google/volley,Tom Ye,P41C7,5d563ac2fab08f5e066c6fd6bbf012314be0bf8d,2,52,5307,2901,1.614,500,6,0.353435673,2,1,0,0
google/volley,Ammar Aijazi,P41C8,321174452380acd5caa7c19aac99cb95a2ed0ff6,2,99,7528,3167,1.668350168,594,5,0.296119682,2,3,0,1
google/volley,Jaewoong Eum,P41C9,95a6796c40f570a723a73d9360dddbd0994ed1d4,2,75,7717,3192,1.650741351,607,5,0.292602438,2,3,0,1
google/volley,Narayan Kamath,P41C10,46741f2f5165cbf3cdc0c51107e5ffff8002af5b,2,22,4732,2612,1.665236052,466,6,0.355664488,2,1,0,0
google/volley,Yuhan Zhao,P41C11,dbfc43945655acaf7cc18e4a30ceb26a46c05f58,2,150,7747,3224,1.653530378,609,5,0.293865646,2,3,0,1
google/volley,M�rton Braun,P41C12,86a88316940b2a04618c3a2f475b9d22005aac72,1,1068,11356,3995,1.664564943,793,7,0.260243632,2,3,0,1
google/volley,Paul Smith,P41C13,5ba41f8670413973f587e435598f9f1724fa26e9,1,108,10496,4029,1.665408805,795,7,0.277383821,2,3,0,1
databricks/databricks-cli,Pieter Noordhuis,P42C1,f9a40f5f16b680d4b4f15922e954c3a1c40003aa,37,4727,9603,3193,1.901472254,883,13,0.249531103,3,3,1,1
databricks/databricks-cli,Ege E,P42C2,d53172688b2c73bab69aed3d0593998cb1c633d8,4,113,7979,2804,1.889753567,771,12,0.26003895,3,3,1,1
databricks/databricks-cli,Mukul Murthy,P42C3,01932ec714118d5e0bea99bd5141ad3396c6a39a,4,394,6757,2528,1.882442748,655,10,0.272267097,3,3,1,1
databricks/databricks-cli,Bogdan Ghita,P42C4,ebf48795b87d8e27a630cd1ba524a8e8f4c78966,4,178,6203,2349,1.886326194,607,9,0.274672591,3,3,1,1
databricks/databricks-cli,Allen Reese,P42C5,c05438600cac60b59eceaf03430f9fe4c11f9037,3,40,5663,2228,1.862745098,561,7,0.282346978,3,3,1,1
databricks/databricks-cli,Adam Cain,P42C6,0e4c869d10e3ec0f438a47bbb4c6c21ddd3ed7de,7,261,11687,3901,1.793256433,1127,14,0.250256608,3,3,1,1
databricks/databricks-cli,William Chau,P42C7,ecfee346616fa4b6c4b5e12c6d00a0ccd25b7e1d,5,1849,12221,3973,1.838053097,1130,14,0.245337779,3,3,1,1
databricks/databricks-cli,Sushanth Varma Kanumuri,P42C8,22a6f38540f5c557f46c61606aaca4f0dc2498a5,5,347,7896,2815,1.861182519,778,12,0.26281393,3,3,1,1
databricks/databricks-cli,Jasper Koning,P42C9,8a9a5c31409a72b660ec0083465466a2cc60a8f7,4,875,8328,2975,1.873605948,807,12,0.263204459,3,3,1,1
databricks/databricks-cli,Philip Nord,P42C10,7a3a18b9e098cf60b2d653ab07f914892c87eef5,4,336,8860,3023,1.869513642,843,13,0.254397038,3,3,1,1
databricks/databricks-cli,Aakash Japi,P42C11,c20d5a99cae19414e28bfc8111f4ba2a1001d4c7,4,641,7385,2733,1.857931034,725,11,0.27011267,3,3,1,1
databricks/databricks-cli,Fabian Jakobs,P42C12,0f57371447fa6346ba049ab52c8e8de05293da23,4,126,9511,3193,1.896355353,878,13,0.251338161,3,3,1,1
databricks/databricks-cli,Alexandra Cong,P42C13,42c1608a07f32d466550ab3be01ce61aa0f1f10b,3,532,8315,2975,1.873449132,806,12,0.263507529,3,3,1,1
databricks/databricks-cli,Arul Ajmani,P42C14,fddead5865b75e0dbda0bf1690978983efd9d733,3,769,6663,2498,1.910798122,639,10,0.272677655,3,3,1,1
databricks/databricks-cli,Alex Ott,P42C15,3c723aa0d70bc66566d0a693c3c2029191c83690,3,111,8860,3023,1.869513642,843,13,0.254397038,3,3,1,1
databricks/databricks-cli,Pradeep,P42C16,a391083a7da5d50ee37a5b444f651d62ae594a1b,2,899,8920,3030,1.869976359,846,13,0.253556485,3,3,1,1
databricks/databricks-cli,sweisdb,P42C17,abbe415160a857e01f4f97dc55f2c59a400bd017,2,464,9295,3144,1.865142857,875,13,0.252753437,3,3,1,1
