Project Name,Contributor Name,Contributor Code,Initial Commit Hash,Commits in first six months,lines of code in first six months,Initial lines of code,Inital Comment Lines of Code,Initial average CCN,Number of Functions,Number of functions with CCN > 10,Comment Ratio,Modularity Level,Documentation Level,Presence of Install Guide,Presence of Build Guide,Presence of Getting Started Guide
zostera/django-bootstrap4,dependabot[bot],P1C1,4c7bccc1eb6a244a7ba7d7e9d26f1bfaa891dfb7,1,2,2813,779,1.9805825242718447,206,3,0.21687082405345212
zostera/django-bootstrap4,Allen, Timothy,P1C2,7acc584b1967d394592d9826c721cf5d1f7e9cb2,12,393,2817,1007,2.121387283236994,173,3,0.26333682008368203
zostera/django-bootstrap4,Jared Proffitt,P1C3,499870b8b47d8fab0d984a710ab396c0282397ab,8,110,2843,1003,2.022346368715084,179,3,0.2607904316172647
zostera/django-bootstrap4,Jonas Haag,P1C4,458f47facf0c16be19e0c85f3ad42b43087f8d73,7,46,2732,952,2.093167701863354,161,2,0.25841476655808904
zostera/django-bootstrap4,Denis Kadyshev,P1C5,300ff049c0f03a1d50a1faf229e09bbf9907123d,5,16,2863,1008,2.033333333333333,180,3,0.2603978300180832
zostera/django-bootstrap4,sedrubal,P1C6,5a018fdc4a31c2716b46b6f6f414465855407cb9,5,247,3052,1020,2.021505376344086,186,3,0.2504911591355599
alibaba/alios-things,jianniu.ljg,P2C1,2528348d272929df1c92b1afb44bb319e1a6d9f1,69,49807,7515521,3204052,3.083817229890528,147070,7699,0.29889735346734425
alibaba/alios-things,caiyan.cai,P2C2,b900b8b75474e937d769e724e6f7f1563d0e8436,28,3626966,1910025,472615,4.4600214840187276,49339,4450,0.19835770405936273
department-of-veterans-affairs/caseflow,Peter Karman,P3C1,3f98c3aeac6536d11e90b8a91a0aed19f8dc036e,167,20681,128961,4515,1.4201829851153898,7323,13,0.03382630585273757
department-of-veterans-affairs/caseflow,Sally Maki,P3C2,1771ca4959f018bf7a584b89131902a994ce65a5,106,17232,76105,3564,1.4136206233166602,5198,10,0.04473509144083646
department-of-veterans-affairs/caseflow,Hunter Schallhorn,P3C3,d12f871218b842dd2d3fff5847ee03b9e88d44c6,39,6486,153290,5030,1.4247707460658894,8833,14,0.0317710965133906
department-of-veterans-affairs/caseflow,Yoom Lam,P3C4,ed253b8c32095a565bbb6aca4d8ab7e89df8b129,25,3020,222186,7790,1.4010806916426513,13880,18,0.03387309980171844
department-of-veterans-affairs/caseflow,Ferris Tseng,P3C5,72bf05a6df955e1fcac138bbe3a527f103044ad8,68,11026,190835,6786,1.413065496286293,11848,17,0.034338455933326927
department-of-veterans-affairs/caseflow,Tomas Apodaca,P3C6,82f9d37dc6720847c156c1ff4c612dbdd6c6f6f4,67,11245,148362,4859,1.426194939081537,8536,13,0.03171236318781368
department-of-veterans-affairs/caseflow,jcq,P3C7,4140fa5ec883fa428c0a3725daf7fd0f67e22fb9,36,24680,208706,7164,1.404813496362792,12922,19,0.03318664010747209
department-of-veterans-affairs/caseflow,YANG YANG,P3C8,6676932da033623c014a0e76ae5116df589b907f,42,2956,229578,8012,1.3961973996924368,14306,18,0.033721957994865104
department-of-veterans-affairs/caseflow,Rubaiyat Rashid,P3C9,8f66f5789e6b569847b974a7b28f2b1bbf96aa9b,34,5989,215049,7260,1.3990213523131672,13488,18,0.032657247344911815
department-of-veterans-affairs/caseflow,Andrew Lomax,P3C10,11770652f65412f43ed3a1450babe3c6f11073a7,66,15475,142216,4758,1.4298720472440944,8128,13,0.03237307278838434
department-of-veterans-affairs/caseflow,Moncef Belyamani,P3C11,0d5e31ca5fdc9d85a2fb71520d614af8f31f904b,84,14220,151854,5003,1.4233177729705113,8783,14,0.03189529316511217
department-of-veterans-affairs/caseflow,Kat Tipton,P3C12,a2671435ed0965f582285e809aee41be212be8f1,32,5579,190488,6781,1.4137785291631446,11830,17,0.0343743821887879
department-of-veterans-affairs/caseflow,Jia Huang,P3C13,bab896346932d1613a8b96dedccdb21a68651b85,93,12032,127842,4504,1.4202538631346577,7248,13,0.03403200701192329
department-of-veterans-affairs/caseflow,sahalliburton,P3C14,e51ba91cccbf6caad1b76a886d1ec27a12e25286,43,912489,246642,9043,1.4114816981990768,15381,21,0.03536773764593152
snorkel-team/snorkel,Vincent Chen,P4C1,d0e7cf48808bf886736caa348b80395488a2e64f,19,12364,43366,18423,3.519962859795729,1077,73,0.29815986664293
devitocodes/devito,George Bisbas,P5C1,ddea1d251b0f80f9f790295c63fe9b26e83425af,112,9656,21984,15222,2.7254802831142566,1978,77,0.4091275600709563
devitocodes/devito,Rhodri Nelson,P5C2,615ce442d63695fa4ae9ee75c0c359705c0e68e2,99,13241,21675,14175,2.7415384615384615,1950,77,0.39539748953974896
microsoft/sqltoolsservice,Charles Gagnon,P6C1,57727409c1d390556311704e89b63a627293a5ac,7,1090,258344,37903,2.117883042740318,6481,115,0.12794391166830382
microsoft/sqltoolsservice,Alex Ma,P6C2,81b4bb775344de5cc8fef82c50477d54c0408809,3,365,307719,40770,2.1351660939289805,6984,126,0.11699078019679243
microsoft/sqltoolsservice,Aasim Khan,P6C3,487235b1e91919f8245d29e08b25bd98b0397d90,4,2330,269722,39117,2.115916183682568,6729,118,0.12665822645456046
microsoft/sqltoolsservice,csigs,P6C4,6d7be6c019bee179ba5e7b367def7257a8d8aacc,1,17278,377805,49233,2.1640488656195465,8022,147,0.11528950585193823
microsoft/sqltoolsservice,Justin M,P6C5,61ada4782065366fd6b577406a3d14845fe63a54,20,8260,340375,49259,2.196011611763221,7923,147,0.12642377205274694
microsoft/sqltoolsservice,Kim Santiago,P6C6,f7c86a80cac191e6b315ce68035613afb6ffe016,10,1632,260856,38445,2.1183449954365683,6574,118,0.12844928683833332
microsoft/sqltoolsservice,Alex Hsu,P6C7,6558f2036d20bb98424b688ad8314d633fbdf271,26,6774,649869,57973,2.194964938498678,8699,166,0.08190104571359146
microsoft/sqltoolsservice,Hai Cao,P6C8,ffbc8a5c1a84ccf7dc676186c9da93c22f656384,7,201,515685,55791,2.1806000237163525,8433,159,0.09762614702979652
microsoft/sqltoolsservice,Udeesha Gautam,P6C9,347d233e952701e1d223b61392bbdd76abe7f66c,6,545,261705,38623,2.122346876895088,6596,118,0.1286027276843984
openhab/openhab-docs,Jerome Luckenbach,P7C1,aeac4e68ad0c494a8b062f9baee63c89e25fc84d,10,1418062,21029,1239,1.4620253164556962,158,0,0.05564038081552003
openhab/openhab-docs,Markus Storm,P7C2,6dc2cae7d9a2ed801f792c9326f7a500390c8384,2,152,9430,14,nan,0,0,0.0014824227022448115
openhab/openhab-docs,Bob A,P7C3,36ae1750fd5b97093095f3fc701e3889c5d01e27,1,2,27865,76,6.0,39,3,0.0027200171790558677
openhab/openhab-docs,Hilbrand Bouwkamp,P7C4,a3940c10978d9647a3550df6c2a4bacbb1089948,2,44,9350,14,nan,0,0,0.00149508756941478
openhab/openhab-docs,stefan-hoehn,P7C5,a3f10102758abeb16fe8bea8a0ad2f917528545b,1,2,25758,107,5.894736842105263,38,3,0.0041368644886912815
openhab/openhab-docs,dependabot[bot],P7C6,01081c673e3352272f2b208b34af6c75a592bc26,1,12,25808,107,6.026315789473684,38,3,0.004128882886359251
openhab/openhab-docs,David Gräff,P7C7,cd9c81d8f607bcb16d2dbe9c63f6739ac67eaea8,10,8067,22641,76,6.076923076923077,39,3,0.003345512171501519
openhab/openhab-docs,Fabian Wolter,P7C8,a7c718225ba209409eeada8f5a956babc4d7cd80,7,49,26638,75,6.026315789473684,38,3,0.0028076217571968705
openhab/openhab-docs,Michael Rossner,P7C9,b7d00715e90aa932c778a90bda80a7681f7af512,6,61,26638,75,6.026315789473684,38,3,0.0028076217571968705
openhab/openhab-docs,jimtng,P7C10,048b1676c266f13d577c6bd3e096ab3c5fe8d449,4,21,27736,77,6.0256410256410255,39,3,0.0027684895552439505
openhab/openhab-docs,J-N-K,P7C11,46a4daf469a3c2582b3aaee23ff6f238051c806a,1,84,27882,76,6.0,39,3,0.002718363259174476
openhab/openhab-docs,digitlength,P7C12,5b47f1f5eac50120fbda54f29c35ff70589aeeda,5,10,25431,98,6.026315789473684,38,3,0.003838771593090211
openhab/openhab-docs,Rich Koshak,P7C13,2f153e512fcf7354a9c594bb05ec89f6ca9b1f59,8,3680,26296,99,6.026315789473684,38,3,0.0037507103618109492
openhab/openhab-docs,Scott Rushworth,P7C14,cb42e0abe48e777125ea6f37885d97fc8445cd45,3,29,9282,14,nan,0,0,0.0015060240963855422
openhab/openhab-docs,Ethan Dye,P7C15,90bb9d82b8ad7f3c458719934652a5cb4e8e2e61,7,5,26284,107,5.894736842105263,38,3,0.004054412489106134
openhab/openhab-docs,vzorglub,P7C16,a3f8fdd98074a56c034b48dd8f7979f53a8bb351,5,10,9317,14,nan,0,0,0.0015003750937734434
openhab/openhab-docs,Eiko Wagenknecht,P7C17,ba024ad6a46da0182f8b517a2a91b398ef0375c0,4,51,726976,6540,2.9072790294627384,1154,44,0.008915960933367507
openhab/openhab-docs,GiviMAD,P7C18,c303763cf0e31aaaa356aa0ff56861a36bebfc51,5,2,26899,113,5.894736842105263,38,3,0.0041833259292166445
openhab/openhab-docs,tmrobert8,P7C19,8e8022004586c13f6b7090d5f3f2da1d91d0061c,3,294,26879,76,6.184210526315789,38,3,0.002819514004822853
openhab/openhab-docs,Дилян Палаузов,P7C20,8c0135e2fa8a1be6bc612a2564faf751a0bff3d2,3,15,28004,125,5.894736842105263,38,3,0.00444381243556472
openhab/openhab-docs,Peter Schraffl,P7C21,bfd003ae9ffea796f0eed926c7780e6429f334c4,1,2,26897,76,6.184210526315789,38,3,0.002817632447262077
openhab/openhab-docs,Ross Kennedy,P7C22,637d2aa20e5e51d2bf82cc5c35da9d6130d6e606,1,4,27759,77,6.0256410256410255,39,3,0.002766202040523064
openhab/openhab-docs,Bernd Weymann,P7C23,7e68c325abbc7c95bf83bf0c878ed9b3572c959b,3,0,40317,107,5.894736842105263,38,3,0.002646942410449238
openhab/openhab-docs,M Valla,P7C24,a4c9a8696e16638f7d919b389e2fb9bcb0737836,3,235,26646,76,6.184210526315789,38,3,0.002844098495621585
openhab/openhab-docs,edolis,P7C25,4f720806b634950da9ab6f221c6aa8d6961e8876,3,505,24929,120,6.026315789473684,38,3,0.0047906104036089265
openhab/openhab-docs,Maurits28,P7C26,f61059bdb496079ef32d227966c55754f4b3f500,1,4,9314,14,nan,0,0,0.0015008576329331046
openhab/openhab-docs,Gaël L'hopital,P7C27,74f75c8004e040a3b4301b0fa6043a0272d8050b,1,3,23663,76,6.2105263157894735,38,3,0.0032014827920299927
openhab/openhab-docs,Matthew Skinner,P7C28,37b8a30dc3404ecd3626407d17b62ccb002f031b,2,47,25505,98,6.026315789473684,38,3,0.0038276764441666994
openhab/openhab-docs,Jacob Laursen,P7C29,4788e1cd25c5486abef91ca6993337511f63a4fc,3,30,28956,118,5.894736842105263,38,3,0.004058609066519915
openhab/openhab-docs,Andrew Fiddian-Green,P7C30,fbf6db6cc481c39f2d1433c279f240294e2d240b,2,32,25222,107,5.973684210526316,38,3,0.004224406806427415
openhab/openhab-docs,Georgios Moutsos,P7C31,a8dcfa8f7e70450a349016aca26e46a229f76e7b,2,4,26628,76,6.184210526315789,38,3,0.002846015578190533
openhab/openhab-docs,Sami Salonen,P7C32,f1d4e403c04e2c360fc2ac18735c99059c7fc974,2,50,9331,14,nan,0,0,0.00149812734082397
openhab/openhab-docs,2delarosa,P7C33,768e835aa8ed8c66c98b7dda2a14e8978715dade,3,5,28956,118,5.894736842105263,38,3,0.004058609066519915
openhab/openhab-docs,Stewart Cossey,P7C34,16a0183640ef1eab7dab576c7c5cafec0ef7b086,2,23,23179,76,6.2105263157894735,38,3,0.00326811438400344
openhab/openhab-docs,Michael B,P7C35,25e333ac96badbac083104c9b586c37ef8f2a2f6,1,2,9317,14,nan,0,0,0.0015003750937734434
openhab/openhab-docs,Arjan Mels,P7C36,25e55cb7a45d22214dfe477dd562aeb7d88904cb,2,14,25358,118,6.026315789473684,38,3,0.004631810331292197
openhab/openhab-docs,Florian Hotze,P7C37,957eeaa97b7c8d2ce1202853151b8697d80ff9fe,3,82,28010,125,5.894736842105263,38,3,0.00444286475919673
openhab/openhab-docs,James Melville,P7C38,347b6f8970bbaccf25daeaedb47f7c1d029719e6,3,43,27044,124,5.894736842105263,38,3,0.0045641931684334515
openhab/openhab-docs,Miika Jukka,P7C39,0ec26ea249c97b6d91427889247f27f654366f49,3,8,27737,77,6.0256410256410255,39,3,0.0027683900194146833
openhab/openhab-docs,Mark Herwege,P7C40,f9b4d3af7ff43b85c861befb06aa7661a7971070,1,6,9716,14,nan,0,0,0.0014388489208633094
openhab/openhab-docs,cvdenzen,P7C41,afcbd14efee1697907a303db75417147c2fb20e2,1,2,9358,14,nan,0,0,0.0014938113529662826
openhab/openhab-docs,Jan Gustafsson,P7C42,0e0df53ccc849f6a1b839acb90739e5371c94bc4,3,0,29513,118,5.894736842105263,38,3,0.003982315817893422
openhab/openhab-docs,Igor Pečovnik,P7C43,a5539cf5059ff2933286815657d251e3ff692094,1,81,28058,76,6.0,39,3,0.0027013577877301486
openhab/openhab-docs,wn2012,P7C44,3caba9dcbfd7bd98f09d48ed958c6efff3b97fde,2,4,40354,108,5.894736842105263,38,3,0.002669171074094212
openhab/openhab-docs,chingon007,P7C45,5a7c08cb0a82767ebcfa44567c9083acd820d1e1,1,0,40322,107,5.894736842105263,38,3,0.0026466150535506693
openhab/openhab-docs,zero-24,P7C46,7dbe50c73c5341431a28c5b09927317acedeac1d,2,5,27729,77,6.0256410256410255,39,3,0.0027691865065093864
openhab/openhab-docs,coop-git,P7C47,a128dbae5c38c9eb78447d7d6ae8faa62e5c7867,1,2,25441,108,6.026315789473684,38,3,0.004227171317859798
openhab/openhab-docs,JustinGeorgi,P7C48,1f64bddcd794e04e91f0aeff5e70256fb9ae88b8,2,385,29513,118,5.894736842105263,38,3,0.003982315817893422
openhab/openhab-docs,Matt,P7C49,36032eab7a8813027bd57a810d13b45e4eeaba5a,1,34,25785,107,5.894736842105263,38,3,0.0041325505947783095
microsoft/botbuilder-samples,Chris McConnell,P8C1,64c75989abf3720c8067554688b84cff83d18a7b,1,27,62156,7059,1.9552819183408943,1543,15,0.10198656360615474
microsoft/botbuilder-samples,Eric Dahlvang,P8C2,88297600295c50a5c8664b6592d85214e6c70611,15,7484,59594,11902,2.6269662921348313,1335,40,0.16647085151616875
microsoft/botbuilder-samples,Cecilia Avila,P8C3,7d3d9f889c65121ae11a1d62bb1f44a0239c550f,3,1268,129567,17936,2.5775325977933803,4985,126,0.12159752682996278
microsoft/botbuilder-samples,BruceHaley,P8C4,3e6a199c6f7ef82c1496159cfac246570b43663f,11,2414,132249,18346,2.5585001963093834,5094,126,0.12182343371293868
microsoft/botbuilder-samples,David Favretto,P8C5,8e392243bd0e070b5685c8eb7a4d5cc92b80889a,53,2340,202551,11090,2.8225957049486463,1071,29,0.05190951175102158
microsoft/botbuilder-samples,stevengum,P8C6,70ab17e13a7e91b72d36f318dbf50e247d1ffad7,14,2799,196681,10988,2.822975517890772,1062,28,0.052911122988987286
microsoft/botbuilder-samples,dependabot[bot],P8C7,435aead5af4bcd3046768f68d8c7779bfc3349d0,5,10,201574,23550,2.5078542255733587,6366,150,0.1046090154759155
microsoft/botbuilder-samples,tracyboehrer,P8C8,3fa33de7007ccb82a7766f615ee62bee21b40880,5,40337,57576,6631,1.9568788501026695,1461,14,0.10327534380986497
microsoft/botbuilder-samples,coldplaying42,P8C9,011f4fa859ef3377b063a394d38d9316fc6cc82c,24,22613,151670,20306,2.558160184691884,5631,137,0.11807461506256688
microsoft/botbuilder-samples,johnataylor,P8C10,25b2ab4fda27cc42e406b15ec952c4ee8731e424,8,3812,180189,11012,2.58187134502924,1026,25,0.057593841036396254
microsoft/botbuilder-samples,Josh,P8C11,83d6e33837078c95394b88d41b0fb80a2dd257d0,38,29547,79764,8396,1.8655784925588095,2083,14,0.09523593466424682
microsoft/botbuilder-samples,Joel Mut,P8C12,83eae3827c548f6c5089914ea67cc5edf6cec23f,4,25,162575,22404,2.5164457535591556,6111,143,0.12111645105660643
microsoft/botbuilder-samples,Monica Rivera,P8C13,820fb19ecc46a55518f8f668fcc59ced45c07f4b,14,751,158133,22105,2.5061136814276272,6052,140,0.12264339373495045
microsoft/botbuilder-samples,Martin Battaglino,P8C14,ce7ace3a4ccdb09cfb37e032e0ffa3089a074cb9,32,10390,206462,20367,1.9666599312992523,4949,39,0.08979010620335143
microsoft/botbuilder-samples,Artur Laksberg,P8C15,5bec53b8337ffaa1b47a09f9514afb166fe733a2,4,2241,52632,6079,2.006196746707978,1291,14,0.1035410740747049
microsoft/botbuilder-samples,virtual-josh,P8C16,4dc86c791bac896b27f291a3b74b41f3d8327641,29,9540,73429,8019,1.9060542797494782,1916,14,0.09845545624201944
microsoft/botbuilder-samples,Kyle Delaney,P8C17,664fcf3660827118f2f6833db16591d42915a247,4,50,202483,11080,2.820728291316527,1071,29,0.051881646165300166
microsoft/botbuilder-samples,hond,P8C18,cc4e9da50eac8979f5dd7d2008c0cda3dcfcad04,2,150,72759,13577,2.624219725343321,1602,51,0.15725769088213493
microsoft/botbuilder-samples,Zongyang Ma,P8C19,e90c7728cf50fbf525d819f7675d68153c781c9b,23,26753,149759,20406,2.5445492662473796,5724,139,0.11991890224194164
microsoft/botbuilder-samples,Hongyang Du (hond),P8C20,f01a7b462c325696b3f89fad37d9c95a09105329,7,169,72402,7992,1.9129049389272437,1883,14,0.09941040376147474
microsoft/botbuilder-samples,Gabo Gilabert,P8C21,f82f8a3130fdbddcf2a3251202f74f6bc645d953,7,537,44045,6622,2.1200733272227312,1091,16,0.13069650857560147
microsoft/botbuilder-samples,Kamran Iqbal,P8C22,f0246de0bf4912100089e0fab331d8d8ec2fe066,20,41622,53793,10416,2.3876755070202806,1282,31,0.16222024949773398
microsoft/botbuilder-samples,Gurvinder Singh,P8C23,5df79360f9ba9cabeef190f66c318ecafffd50e7,15,11079,57041,6549,1.9661256175017643,1417,14,0.10298789117785816
microsoft/botbuilder-samples,trojenguri,P8C24,b7111b5237fe4d365af7b6c5575272ff3298f22f,12,758,52639,6127,2.013239875389408,1284,14,0.10426096722594698
microsoft/botbuilder-samples,Gary Pretty,P8C25,006a90f7ed64e4af20c4e53bbe4127461fe9f77b,12,13194,72762,7994,1.912327311370882,1882,14,0.09898954876417851
decred/decrediton,bgptr,P9C1,b61479f9734bfbff9d69a7f36cb8a86939779f95,40,5382,87581,35518,1.8072669826224328,2532,20,0.2885319945734734
decred/decrediton,Amir Massarwa,P9C2,b3903b3bb240df41cbc76e5e268d7f2a563ec402,31,149022,126915,52795,1.8052560646900269,2968,26,0.29377886595069835
decred/decrediton,Guilherme Marques,P9C3,dc587ad888f82be21ea98ab81727a451aa2806bf,27,13169,126915,52795,1.8052560646900269,2968,26,0.29377886595069835
oneflow-inc/oneflow,Shenghang Tsai,P10C1,d1c23c3302c8dcb6f858054e22880ce5249cc58f,47,4409,73208,2322,1.7834073475979006,4954,34,0.030742751224678934
oneflow-inc/oneflow,lixinqi,P10C2,af01b0005df00e288b09c7bb15e6daf322641520,256,244418,69065,2312,1.7962652119177507,4766,39,0.03239138658111156
oneflow-inc/oneflow,Tsai,P10C3,01f0bc65767fabf4fd3fc7ce29b8069cb8666bac,311,38143,78294,2411,1.7870090634441087,5296,39,0.029874233318877393
oneflow-inc/oneflow,Xiaoyu Zhang,P10C4,e94616367b9d2c389b68e3c3c12563097fb9a5d5,151,36373,223011,41171,1.8127637130801688,15168,155,0.15584332013536123
oneflow-inc/oneflow,daquexian,P10C5,dfd4d7f747eae3b62241011b97cece92e216a50a,47,15033,122257,3253,1.7047893825735718,8665,63,0.025918253525615487
oneflow-inc/oneflow,Houjiang Chen,P10C6,8341f61279242c157e5f6d41d107d14978ff3fb4,6,3018,66271,1776,1.8651359786000892,4486,43,0.026099607624142138
oneflow-inc/oneflow,Luyang,P10C7,7394ec5ff76ab2ad62d0a257d3f720cd5f3b035c,74,29799,246672,46133,1.805620051199619,16797,175,0.1575553696145899
oneflow-inc/oneflow,Yinggang Wang,P10C8,d27e639197a43e9d7d3769a33ba4c7b5a97d1d60,50,7713,208271,39767,1.7984561403508772,14250,130,0.16032624033414236
oneflow-inc/oneflow,ZZK,P10C9,7d4ffee4886a163a2fffd26c609dbb5f0c54f518,23,5377,198849,38310,1.7770774469318265,13803,123,0.16153719656433027
oneflow-inc/oneflow,liufengwei0103,P10C10,d7b2570aaec773d33744f6529b2c753c56a81b4e,59,12491,248958,46766,1.8031097237764298,16979,176,0.15814069875965428
oneflow-inc/oneflow,OuYang Yu,P10C11,04d30334acd7db747c26b057a37447051f9a8fa0,76,41651,141201,3502,1.7114052321373177,9671,65,0.024201295066446447
reportportal/service-ui,ElenaRomanchuk,P12C1,61cae543cacf0829c20e565093f36aa3131c9b9a,150,22415,150896,3955,1.407912687585266,4398,8,0.02554068104177564
reportportal/service-ui,DiscoElevator,P12C2,c1803195b2d108cb951c273a4138312e44487d6a,2,1930,136898,3837,1.3937677053824362,3883,8,0.02726400682133087
reportportal/service-ui,KatsiarynaTatarynovich,P12C3,0c3825289a8eea67e958fa2eb5d60be602d3afa9,126,12602,167150,4020,1.3971181556195966,5205,8,0.02348542384763685
reportportal/service-ui,Mikhail Sidarkevich,P12C4,1632c78c4cf7e51f8014288601e9254e28aafd38,80,10046,205116,31129,1.4229620145113102,7029,14,0.1317657516561197
reportportal/service-ui,Katsiaryna Tatarynovich,P12C5,3d12914c9302a391a71fececa2a1d32d49123d6a,38,3008,203905,29825,1.407632659267143,6577,11,0.1276045009198648
reportportal/service-ui,Mykhailo Kalashnikov,P12C6,a062344f14c2ca24d645da0be22ccf01e5568952,105,20715,152029,3971,1.4041218637992832,4464,8,0.025455128205128207
linuxdeepin/dde-dock,listenerri,P13C1,d78bdfea907eb982a83a7f170a384bc3a7f72a99,183,23520,44547,3725,1.9549266247379455,954,9,0.07716688763672522
linuxdeepin/dde-dock,shaojun,P13C2,32794014f7de5b3117e2fa84750302d4e76c9ddd,128,9631,50381,4584,2.1640625,1280,19,0.08339852633494042
linuxdeepin/dde-dock,范朋程,P13C3,67e1b7c2b486957e6c18f8f5d2493012598ab177,49,22883,53630,4763,2.23371104815864,1412,31,0.08156799616392375
linuxdeepin/dde-dock,wangxuwen,P13C4,b7284a6ea35d14cfbbd98aba197260c103af13ba,78,3639,50384,4577,2.1640625,1280,19,0.08327723294699878
linuxdeepin/dde-dock,Fan PengCheng,P13C5,0103f4165c6f79a1f288b7426e08712df9a52a62,30,5917,62526,5528,2.4579780755176612,1642,48,0.08122961177888148
linuxdeepin/dde-dock,zhaolong,P13C6,d0287da73786b8e6dca937cba59fb95000a589aa,66,18992,54134,4856,2.247450713800136,1471,34,0.08231903712493643
linuxdeepin/dde-dock,Zhang Qipeng,P13C7,72ebd36a51ee35c58470fe868a3ebd4c916b0ae7,53,2776,63347,5643,2.5338253382533824,1626,46,0.0817944629656472
linuxdeepin/dde-dock,chenjun,P13C8,40af8358d572adefb06180570f6617d4514578d8,24,4003,62372,5520,2.451770451770452,1638,48,0.0813056030165557
linuxdeepin/dde-dock,songwentao,P13C9,04404a6aa98e868bbb532badb33f5d7a5250757a,19,1748,67810,6410,2.51435002813731,1777,49,0.08636486122338992
linuxdeepin/dde-dock,justforlxz,P13C10,11d97f206e4d50e566a3d66c3071eb7ec555ab92,7,196,47299,4161,2.0142857142857142,1120,13,0.0808589195491644
linuxdeepin/dde-dock,haruyukilxz,P13C11,b5f8253a9fa0b2c127b51919e1278823ec994234,16,614,42464,3578,1.9366272824919442,931,9,0.07771165457625646
linuxdeepin/dde-dock,fpc_diesel,P13C12,01142e55958581b74b2f66c80dfaaf31437257d7,46,11629,53445,4733,2.2301699716713883,1412,30,0.08135377634157241
linuxdeepin/dde-dock,liuxing,P13C13,1a455503d96435d375b6462c8595e1bf8e31c281,23,2996,62698,5543,2.466909532483303,1647,48,0.08122682844624199
linuxdeepin/dde-dock,yanghongwei,P13C14,af4029f2d6a879267fc12d1e086b8b83ff4fe74d,28,1876,67509,6513,2.5470826112073945,1731,49,0.08798735511064278
linuxdeepin/dde-dock,FanPengCheng,P13C15,e4d755609065291ee5e1a6ada92dd3ea858a9ca5,28,7927,67755,6618,2.5589419206440485,1739,51,0.08898390544955831
ovn-org/ovn-kubernetes,Tim Rozet,P16C1,18a4e867431ebf8650e906b53e20fd5bc15724dc,42,3285,836757,116779,3.2988102923545144,32529,1346,0.12246941908852943
ovn-org/ovn-kubernetes,Alexander Constantinescu,P16C2,238c9663f9da415606835271fe3760ce8a612354,13,6346,814622,113748,3.3922955974842766,30528,1327,0.12252442452901322
ovn-org/ovn-kubernetes,Surya Seetharaman,P16C3,419938e0a3e1af2f69fda38113aeeb8df2590329,1,19,910209,124991,3.1799113059435213,39236,1461,0.12074091962905718
ovn-org/ovn-kubernetes,Jacob Tanenbaum,P16C4,f33e4c3888b18de040a8581c096a2ad27aaf8113,8,944,1587816,409912,2.773035095846293,90666,3090,0.2051890948117061
ovn-org/ovn-kubernetes,Antonio Ojea,P16C5,6afd83c9c80a362af8ee9279fef34038d9591593,58,187023,910026,124956,3.1792806342246807,39229,1460,0.1207325344788605
ovn-org/ovn-kubernetes,Dan Winship,P16C6,6129cc681c2c6f1cbe16ef0355580fba5d83f1fb,12,1701,1590283,410149,2.772779865342869,90749,3096,0.20503021347388964
ovn-org/ovn-kubernetes,Andreas Karis,P16C7,63d308520a8ff8b8caf1c8504aa5c079e6943d97,24,2612,1030676,162831,3.212831175512304,46652,1922,0.13643070379981015
ovn-org/ovn-kubernetes,Jaime Caamaño Ruiz,P16C8,452f286ecfc9344e2ce06e83461ffc17ec84cb61,20,47008,1030444,162798,3.2126500857632934,46640,1922,0.1364333471332722
ovn-org/ovn-kubernetes,astoycos,P16C9,5933554cb105fc9ea4fb63291d9f053058bd7925,27,5891,1055202,165770,3.2524165985196367,47691,1989,0.1357688792208175
ovn-org/ovn-kubernetes,Federico Paolinelli,P16C10,d0c3df9d0144e7b885b5c93b4d59cb5a31a381ef,52,48058,1043639,165292,3.259647562163765,47214,1974,0.13672575192463424
ovn-org/ovn-kubernetes,Dave Tucker,P16C11,9cce542dc647ee7a68f14bbb4861ca27888f336b,27,28773,903010,122364,3.1803749191984485,38675,1439,0.11933596911956028
ovn-org/ovn-kubernetes,Ionut Balutoiu,P16C12,ba2b804d0e5dbeec981aceb8355cb6973c412200,44,2000,1588853,410008,2.7731532524807054,90700,3094,0.20512081630488563
ovn-org/ovn-kubernetes,Martin Kennelly,P16C13,eff46e353de10756c94af8630713051570f0c016,27,1711,1127452,193437,3.0738046709923523,53479,2027,0.14644455363016878
ovn-org/ovn-kubernetes,Nadia Pinaeva,P16C14,6cec1dfa281a46174182f83fa04f38d3331d5a45,9,557,1120838,193682,3.0829138676297223,53441,2045,0.14734047408940146
ovn-org/ovn-kubernetes,Miguel Duarte Barroso,P16C15,979d856d3d680ff6f355eeec4dc8683aa90f4857,10,997,1039516,163898,3.21245311967269,46928,1937,0.13619419418421258
ovn-org/ovn-kubernetes,Riccardo Ravaioli,P16C16,96c3bf8e0336fdb3df10b43598038bde7fd155d9,7,519,1122113,193190,3.0832849952285613,53443,2048,0.14687870399444083
ovn-org/ovn-kubernetes,Adrian Chiris,P16C17,7956cf1be51d817dec6862da7a9d63b76874788e,39,10277,1051880,165512,3.256832095596743,47533,1984,0.13595620802502398
ovn-org/ovn-kubernetes,Flavio Fernandes,P16C18,da3d7059e9b820bc006f8b9ea8f1d9756913ae8c,20,3299,1067091,166738,3.203093169251237,48106,1985,0.13513866184049816
ovn-org/ovn-kubernetes,Ori Braunshtein,P16C19,9a3ad064766710ab4f790a7017955db224d0a526,1,18,1123138,193384,3.0821446598493205,53491,2046,0.14689006336392404
ovn-org/ovn-kubernetes,Aniket Bhat,P16C20,ac35a2e6248b96409bd774df961a486ee470b488,19,24275,900484,122353,3.180926824233667,38756,1444,0.11962121041769119
nextcloud/tasks,Nextcloud bot,P17C1,fb4d2bb46a4d68ba5344ce0300d36153391d20f0,50,5486,72689,30570,2.9545454545454546,7832,301,0.2960516758829739
nextcloud/tasks,dependabot-preview[bot],P17C2,6dbdf999473c270ef42c3b025e91aeb506c88b68,164,14771,29854,2312,1.6394984326018809,319,3,0.07187713734999689
nextcloud/tasks,dependabot[bot],P17C3,94e29dba9ef2f59f4944d17b309b471ae4233a63,130,48272,27869,2154,1.792929292929293,396,5,0.07174499550344736
facebook/redex,Nikolai Tillmann,P20C1,b4acc9f96251ad2b4f6d90b1cbc0c8b448d7fd5c,70,11980,138658,26255,3.016052453086141,8846,368,0.15920515665835924
facebook/redex,Andreas Gampe,P20C2,fce840d55b784df8a82d031b3f57b43a13463498,137,12292,182634,32860,2.8720278532608696,11776,492,0.1524868441812765
facebook/redex,Wei Zhang (Devinfra),P20C3,0809acb03d461f2b68832178d2b486360b8e21fe,50,7983,142260,26877,3.005753485284355,9038,375,0.1589066851132514
facebook/redex,Feng Liu,P20C4,fa8f755b7f91ba5f4cad2c90d07617cebdf053cf,30,3793,119579,23724,3.0621565035331066,7642,329,0.16555131434792014
facebook/redex,Yuxuan Chen,P20C5,adef935ca908fcb414c7b60f3e688c2211cbcb6c,75,8468,151039,28781,3.0203930684699913,9464,407,0.16005449894338783
facebook/redex,Ashok Menon,P20C6,94c2b285f0ae89026623b6c2fe71a4e5b4e28d7e,47,4343,186932,33560,2.8834902908575715,11999,505,0.15220506866462274
facebook/redex,Adrian Catana,P20C7,950917ff252eb62ad64b9c7ab1f7322b9e0c4bd6,24,2167,190901,34004,2.8942055154300723,12184,524,0.15119272581756743
facebook/redex,Kugan Vivekanandarajah,P20C8,ab8538711469a31b96e63fd276e77ddb3a2e5261,15,2538,194211,34606,2.8920591544767724,12442,528,0.15123876285415858
pointfreeco/swift-snapshot-testing,Valeriy Van,P21C1,05c80039d607b4eb3433ad4013ed278bf8215627,8,21,7419,717,1.8911917098445596,386,6,0.0881268436578171
pointfreeco/swift-snapshot-testing,NachoSoto,P21C2,c634ef83cebad0e9bc3bde2c48c09221dd6c64ae,2,28,7025,711,1.903485254691689,373,6,0.09190796277145812
pointfreeco/swift-snapshot-testing,Vincent Esche,P21C3,579dcacfb04dfb18d6bcd5861cf720089151d8df,3,857,6829,713,1.9355742296918768,357,5,0.0945372580217449
pointfreeco/swift-snapshot-testing,Witold Skibniewski,P21C4,868643805d761527ed544270af8bd7f901dd63c3,3,43,6208,593,1.9484848484848485,330,5,0.08719305984414057
pointfreeco/swift-snapshot-testing,David Harris,P21C5,2fd91357e90efe82bfa6845d1e7d5bc2f5025d35,1,10,7028,711,1.903485254691689,373,6,0.09187233492699315
pointfreeco/swift-snapshot-testing,Ian Manor,P21C6,012fd98e58585ac48e6b4b0b4c6c34195b46ab8f,2,90,7262,716,1.8955613577023498,383,6,0.08974680371020306
pointfreeco/swift-snapshot-testing,Eric Jensen,P21C7,36694f3f73d272dc311fbfd271f80bf0ac457d21,2,582,7544,751,1.9076923076923078,390,6,0.09053646775165762
pointfreeco/swift-snapshot-testing,Shai Mishali,P21C8,219085ad5fbf0725b685a95da84623b187c6ae55,1,9,6220,593,1.9484848484848485,330,5,0.08703948334067224
pointfreeco/swift-snapshot-testing,Xavier Lowmiller,P21C9,bcbbbe28bfd38970d4f4ae27da4427ceb932b397,2,33,7040,713,1.8962765957446808,376,6,0.09196440087707984
cloudflare/terraform-provider-cloudflare,Jacob Bednarz,P22C1,48ab20374e911fe910bcbb4c1a9ea1841d557b6d,25,2798,198734,38764,2.7219600361482077,9959,291,0.16321821657445537
cloudflare/terraform-provider-cloudflare,changelogbot,P22C2,4e8966ce30c267384d7b87eeeb6e4b79f9c67da0,72,246,35879,583,2.3425925925925926,1404,27,0.01598924908123526
cloudflare/terraform-provider-cloudflare,Patryk Szczygłowski,P22C3,9b21249578e8adedb048d49d4322b7297c51ac45,67,449605,198736,38766,2.7219600361482077,9959,291,0.16322388864093776
cloudflare/terraform-provider-cloudflare,dependabot[bot],P22C4,c8066fe94d522336a0cc22fa62c1cb402bd36444,10,414,22846,416,2.3901639344262295,915,15,0.017883243057346745
cloudflare/terraform-provider-cloudflare,Renovate Bot,P22C5,750cd0da0edb48c4e960c62e8319a27d6b9e891a,88,106763,388725,70246,2.825240974675208,16703,512,0.15305106422845888
cloudflare/terraform-provider-cloudflare,Jacob White,P22C6,92ecca2fbf944396e98b281c00b913194f1e44ce,75,6905,50700,918,2.3496612819176654,1919,36,0.017784493781239103
cloudflare/terraform-provider-cloudflare,tf-release-bot,P22C7,9fd4a09a05f527d0a45e4318b1e1fec9da7c9ea0,12,84,198716,38761,2.7219600361482077,9959,291,0.1632200170963925
cloudflare/terraform-provider-cloudflare,Christian Ehrig,P22C8,72b6e61cb5b113bfb0eb8fa2ad71606f3ea47a40,45,2201,455133,114016,2.685509655966236,23457,685,0.20032715510349663
cloudflare/terraform-provider-cloudflare,Justin Holmes,P22C9,a4f3ce1a859c4e2c1fdc384b3e9403c9700b5138,17,1333926,464261,116563,2.7018921515392007,23941,709,0.20068557773094775
cloudflare/terraform-provider-cloudflare,renovate[bot],P22C10,50f9cfcef1e68881f2c2b280af853d7ad83629df,23,7436,450099,86905,2.6687482653344436,21618,572,0.16183305897162778
cloudflare/terraform-provider-cloudflare,Brad Swenson,P22C11,3f3b8fed97c312dc745a3d230480a6609ea5ce9e,39,1679,43070,765,2.2695156695156693,1755,36,0.01745180791604882
cloudflare/terraform-provider-cloudflare,github-actions[bot],P22C12,a373b757c22c463ddea99b0e783eec94f58018a8,36,117,50323,914,2.3554973821989527,1910,37,0.017838671272713078
cloudflare/terraform-provider-cloudflare,Todd Stansell,P22C13,a6ff7f3887a0ffb133428893e9f247b98ea2e540,34,1044,38415,698,2.2310582341891045,1597,30,0.017845729041495156
cloudflare/terraform-provider-cloudflare,Brad,P22C14,47a1791ff7d446c0e96cdd15b1c4dd47a30c849a,28,1210,42650,765,2.2633390705679863,1743,36,0.01762063802833122
cloudflare/terraform-provider-cloudflare,Ivan Sabelnikov,P22C15,ddaa033c69cdbd29764c3c167aebad3035c0de88,24,852,45741,801,2.287581699346405,1836,36,0.017210261699110482
cloudflare/terraform-provider-cloudflare,Radek Simko,P22C16,02934025edf236d3e0ee633a4c981fb9683629aa,5,19667,164010,33793,2.556769814793512,8693,207,0.17084169603089944
cloudflare/terraform-provider-cloudflare,mlhnono68,P22C17,8a1dd5cb1b2a9311d8bd938e14bf5976f431c46e,20,590,55124,937,2.3582966226138034,2043,41,0.016713936604769806
cloudflare/terraform-provider-cloudflare,Jake Champlin,P22C18,4e2cb792c698a9f303d689c693e7b8b690073693,17,260358,972,23,2.7837837837837838,37,1,0.023115577889447236
cloudflare/terraform-provider-cloudflare,cehrig,P22C19,28b7ec9fcc894b8d014ee33f8456ac6758f5f12b,7,757,29856,495,2.3676470588235294,1224,22,0.016309182564001184
cloudflare/terraform-provider-cloudflare,Callum Loh,P22C20,189674a13fdeb63a8c45919763d080819cb28716,13,449,465027,116584,2.700250312891114,23970,709,0.20045012903813716
cloudflare/terraform-provider-cloudflare,Steve Hodgkiss,P22C21,b1dbaa88a803d4b069bb77c2b6c702ba2c507253,14,471,502198,107887,2.693857453530836,24371,682,0.1768392928854176
cloudflare/terraform-provider-cloudflare,uros.simovic,P22C22,7b84398979518f9342787f260b7e5efe4d2baf23,11,1094,24517,459,2.3985728848114167,981,16,0.01837764253683536
cloudflare/terraform-provider-cloudflare,Zack Proser,P22C23,2e401508545e41bf51217c1a10b6833727ac1daa,12,420,493152,85087,2.796555179159311,20959,602,0.14714849742061673
cloudflare/terraform-provider-cloudflare,benjamin-maynard,P22C24,483f38229141a4071e2535f0eab5388e99a22f99,12,36,511684,110769,2.738135593220339,24780,736,0.17795560468019272
bazelbuild/continuous-integration,Florian Weikert,P24C1,ca8cd495f0a11adc80ce6fdcc7026e0558ca5202,12,368,3461,685,3.2232142857142856,112,6,0.1652194886637723
bazelbuild/continuous-integration,fweikert,P24C2,ebe8b8ec44cca73e512e8ff75c688ecde3577934,97,4174,8194,1234,3.5542168674698793,249,12,0.1308867204072974
publishpress/publishpress,Anderson Grudtner Martins,P25C1,2df2640a33c2a1f230359176204e5808e7e20d33,354,217314,20371,9997,2.148578811369509,1548,40,0.3291952054794521
publishpress/publishpress,andergmartins,P25C2,a8d14a1fb26dde12e2670f0a06376d39a3e598cb,121,22888,105895,25042,2.826820434616851,10492,414,0.19125228163162436
publishpress/publishpress,Olawale Adesina,P25C3,9208466c5ff15890fe38829e7ef4b4d65069da1f,9,607,127223,25548,2.860408483896308,12730,548,0.16723069168886764
appdaemon/appdaemon,Humberto Rodriguez Avila,P26C1,1f74995269044d8e6ebfd4e4eb2bae66884430b0,173,11559,59868,9769,2.971244358478401,7755,320,0.1402846188089665
appdaemon/appdaemon,Odianosen,P26C2,bc23a28baea1246f1a36f648fa862e89ba37270f,46,1924,53076,10788,2.998198198198198,8325,350,0.16892145809845924
appdaemon/appdaemon,Daniel Lashua,P26C3,797eb6ec580a8ba1dfe7e5858df81708ac96931e,113,2910,59830,8580,2.9711154094132817,7755,320,0.1254202601958778
appdaemon/appdaemon,Ubuntu,P26C4,d3045f5f1581d631d3dd590cff4b02cd686b8d9e,65,614,52745,10723,2.9962717979555022,8315,348,0.1689512825360812
falcosecurity/falco,Leonardo Di Donato,P27C1,537e4b7e8daf33adda599a048239988e46d07f1d,176,8163,14357,3371,3.617391304347826,345,17,0.19015117328519857
falcosecurity/falco,Jason Dellaluce,P27C2,4d55847bd46a6271e79e766e54bdb5b3510945f6,52,3516,23355,5017,3.8260869565217392,414,19,0.17682926829268292
falcosecurity/falco,Leonardo Grasso,P27C3,61e859745dacac0ba661b9d1094a17c9ce66aa02,102,8675,21285,4311,3.7600950118764844,421,22,0.16842475386779185
falcosecurity/falco,Lorenzo Fontana,P27C4,bd0ca4f5a76189a57f016c72a0285301b9f96e68,70,5263,14282,3371,3.617391304347826,345,17,0.1909590437885912
falcosecurity/falco,Federico Di Pierro,P27C5,ea2ca56d5b3620a891b12b82fc0110943fe8ac5b,50,752,24290,5119,3.7162471395881007,437,18,0.17406236186201504
falcosecurity/falco,Andrea Terzolo,P27C6,8239fa41f4b239c792eec31193337e8120a7a0e3,27,909,24146,5155,3.781609195402299,435,20,0.1759325620285997
falcosecurity/falco,Josh Soref,P27C7,a84adbd2313284f0cfb9168c1f7bb244a660f5d6,62,146,24124,5261,3.636568848758465,443,21,0.17903692360047643
falcosecurity/falco,kaizhe,P27C8,5beddf5320324532832ff290b8a26b629ff6c6ad,28,239,14734,3401,3.6149425287356323,348,17,0.18753791011855528
falcosecurity/falco,Leo Di Donato,P27C9,ff5d00073614a568f0efe1f8ed93e36a18df35be,11,127,14235,3371,3.617391304347826,345,17,0.19146881744859706
mjmlio/mjml,KMcB,P29C1,68568dc77feb815fa63bab6e6435c6cd501ac5df,153,6797,8142,30,1.6219081272084805,283,0,0.003671071953010279
mjmlio/mjml,Bogdan Chadkin,P29C2,dafa42bf24b59aea989d4ffecb674bd0140e875d,8,7324,9953,64,1.732258064516129,310,0,0.006389138464610163
mjmlio/mjml,Garry Flemings,P29C3,27e06118782aea170da559a572047c457275cde0,6,115,9619,54,1.6987179487179487,312,0,0.0055825493642096555
redisjson/redisjson,Guy Korland,P30C1,95380caf2fc9196f1faf98d00cad73c3a7882ec5,13,749,17066,2896,4.6345679012345675,405,49,0.14507564372307383
redisjson/redisjson,Omer Shadmi,P30C2,ac3273784873bf4b75bea0f3e72b462405061330,13,3255,5764,541,2.7663551401869158,107,2,0.08580491673275178
redisjson/redisjson,Rafi Einstein,P30C3,5d76cd6439f9246d1ff78313ac0ad097a7c3e165,1,205,4721,529,3.072992700729927,137,4,0.10076190476190476
redisjson/redisjson,Gavrie Philipson,P30C4,a8f065db5f6b6ee40e9a048236051bd526b0b2fe,4,1121,189,24,2.8666666666666667,15,0,0.11267605633802817
pressly/goose,Vojtech Vitek,P32C1,0498aed91f6d8b2d709ef79183ab53e0496c5ff9,4,38,1266,83,3.5344827586206895,58,2,0.061527057079318014
pressly/goose,Michael Fridman,P32C2,f4a495fe54d46dc060532aa5744eee9484e6e47d,5,338116,234837,84005,4.322772277227723,2020,166,0.263469053637852
pressly/goose,1vn,P32C3,45eeb19d7d952531c3102add91cad61f1d02a410,29,706,1808,139,3.7228915662650603,83,5,0.07139188495120699
pressly/goose,Vojtech Vitek (V-Teq),P32C4,47e4c98a97cf981bba623f02354b50413089b080,18,1867,1451,133,3.519230769230769,52,1,0.08396464646464646
pressly/goose,Nicholas Duffy,P32C5,1d402b32ffcc30d66ffa02885e3b3ed32e9b0b11,10,499,1373,88,3.5846153846153848,65,2,0.06023271731690623
pressly/goose,Josh Fyne,P32C6,3523b17cdc914ac56d49164136e7d8610244835a,9,149,1218,89,3.792452830188679,53,3,0.06809487375669472
pressly/goose,Songmu,P32C7,cf288525b2c12e3a5a3450e18b0809008ea3621a,3,86,228838,83695,4.526190476190476,1680,144,0.2677957207718865
pressly/goose,Aleksei Maslov,P32C8,ea2101beb36253b39e741cbdca02dd588b562559,6,73897,157125,83070,4.424285714285714,1400,118,0.34584400174857927
pressly/goose,dependabot[bot],P32C9,0995b6908a3f002452766155858b640fbb1df4f4,5,88,4104,484,3.2717391304347827,184,9,0.1054925893635571
pressly/goose,Simon Wikstrand,P32C10,19673d2b4747122d0245bc8e9843b7fbcf4c5bb6,5,66,1655,124,3.859154929577465,71,4,0.06970207982012366
pressly/goose,Mike Fridman,P32C11,6d62d8314ecc3d481214ce5d6a9b079d371a0cf5,4,54,2521,172,3.5203252032520327,123,7,0.06386929075380617
pressly/goose,Maxim Krasilnikov,P32C12,0639337e0b110cbb32a342d9e9ad6edc3a13d067,3,139,1662,126,3.780821917808219,73,4,0.07046979865771812
pressly/goose,Tony,P32C13,7b7eaf1c29c8fe7ea6f6630b0e585ea85ce3698d,4,89,1998,147,3.784090909090909,88,7,0.06853146853146853
pressly/goose,Huy Nguyen,P32C14,954940e3ab734b6eb8c2f1c1e4fe40f67baf99a1,3,7162,228847,83700,4.518716577540107,1683,144,0.2677997229216726
ory/fosite,hackerman,P33C1,a07ce27c814538c7d0e6228ae814482be2e96e7e,13,2552,14496,4344,1.6839134524929444,1063,16,0.23057324840764332
ory/fosite,Mitar,P33C2,023bdcf1217b8f86de250f53391ad3b1e356949d,19,1745,18123,4841,1.688216039279869,1222,19,0.21080822156418744
ory/fosite,Amir Aslaminejad,P33C3,514fdbd20393c2175c66f3a69eb7bb849b3d5dfa,11,3109,14645,4346,1.6879100281162136,1067,16,0.22884524248328156
ory/fosite,Kevin Goslar,P33C4,fef32116197c076a3c1572c00877034be178b6a0,9,6334,28645,5804,1.7392583872866392,1699,26,0.16848094284304335
meteor/blaze,Sashko Stubailo,P34C1,d14ce47439d433eddec923f0c1b0bb9e4d7323df,1,67,971,129,1.3444444444444446,90,2,0.11727272727272728
meteor/blaze,Mitar,P34C2,ceb9454d8a425b5bf4bb5278b6cdc6b26e66d123,10,53,2533,810,2.3529411764705883,323,3,0.24229733772061024
meteor/blaze,Ben Newman,P34C3,93c168acba704cd42403e033f7ed971c23758648,1,2,366,96,2.161290322580645,31,2,0.2077922077922078
meteor/blaze,Martijn Walraven,P34C4,44fbb5ff10b7a2b8cb5c26f479ac0ca9f8b220f6,78,154,86,13,1.7777777777777777,9,0,0.13131313131313133
hyperium/h2,Anthony Ramine,P35C1,fe938cb81ced6fe73b2cb4ae5a4c0134d6d80497,12,192,1808236,5128,1.9866803278688525,976,12,0.0028278933518036094
yshui/picom,Yuxuan Shui,P37C1,9770b2eee24491db5f9b9e702a6f341f31ea9716,3,267,12818,3131,6.104166666666667,432,52,0.1963132484795285
yshui/picom,Richard Grenville,P37C2,4861d50ca4fa534c2fa39f78e45d2288b32b7020,104,27798,2492,155,6.685714285714286,70,11,0.05855685681904042
yshui/picom,Christopher Jeffrey,P37C3,4c3bf853f3b6e6c822ecf2c4b4a6c0f7f5d6c8f2,56,9250,1873,129,8.137254901960784,51,11,0.06443556443556443
googleapis/nodejs-logging,Justin Beckwith,P38C1,1ccf7e4e271cb78a215f8cb257633c4ff9da6813,54,88388,40201,7327,1.1645569620253164,869,0,0.1541617572799192
googleapis/nodejs-logging,renovate[bot],P38C2,f2a5811593e4eb943624c6553c024aebf2cd4aa0,47,12468,19837,7830,1.1674311926605505,872,0,0.2830086384501391
googleapis/nodejs-logging,release-please[bot],P38C3,bfd92bb4e81b18e213a8cf3de5d6607e69b71b4d,18,240,13622,15619,1.186734693877551,980,0,0.5341472589856708
googleapis/nodejs-logging,Yoshi Automation Bot,P38C4,cfd74da68cbdb8c22813a8860f4072a5f7b59d75,16,1078,7610,8216,1.1560044893378227,891,0,0.5191457095918109
googleapis/nodejs-logging,WhiteSource Renovate,P38C5,e39c401513327292c0cb8fef0a2aa9bb4e90287d,33,72,26812,26542,3.6741950985103315,2081,169,0.4974697304794392
googleapis/nodejs-logging,gcf-owl-bot[bot],P38C6,5de1db394b382485ea63113adb996084a3b1fceb,22,79354,46800,31684,3.155877616747182,3105,197,0.40370011722134447
googleapis/nodejs-logging,Benjamin E. Coe,P38C7,6bd30b7d470e0488ee27a79986eedfdc7f270096,27,1175,10602,15251,1.1788793103448276,928,0,0.5899121958766874
googleapis/nodejs-logging,Nicole Zhu,P38C8,21b31de0695e9fa98501c83dd639c0d55a6503bb,28,2170,39524,27531,3.3613899613899614,2590,181,0.41057340988740587
googleapis/nodejs-logging,Alexander Fenster,P38C9,a50f765c95f0bfe2ab69c02852a97962e6d89d3f,13,31256,6925,7309,1.1643518518518519,864,0,0.5134888295630181
googleapis/nodejs-logging,losalex,P38C10,abf1ab03483db8bf0c018524c348260a06193a4c,11,428,48108,32250,3.094926859632742,3213,197,0.40132905249010675
osiset/laravel-shopify,Lucas Michot,P39C1,2d2b9213d126e282e2e3dfe930a8edde66cb66f3,11,535,7254,3786,1.1002785515320335,359,0,0.34293478260869564
osiset/laravel-shopify,Darryn Ten,P39C2,f335c10e3547a7f0ac6a7507b9308b17b2a35a6f,25,1577,4984,1964,1.157593123209169,698,0,0.282671272308578
puppetlabs/puppetlabs-kubernetes,Trey Dockendorf,P40C1,463e1b5747a81de31fafb619cad60c8490d08f4c,11,1036,144263,1592,4.43403964456596,2926,0,0.010914949778889994
puppetlabs/puppetlabs-kubernetes,david22swan,P40C2,9bc1af33d031bcf0e50252ac54a9ce7598952828,1,2,143648,1538,4.529329118370215,2847,0,0.010593307894700591
puppetlabs/puppetlabs-kubernetes,Marc Schoechlin,P40C3,8c776154e8266029e0b750e0beeccb1ce2867171,12,2915,144019,1576,4.441095890410959,2920,0,0.010824547546275627
puppetlabs/puppetlabs-kubernetes,David Schmitt,P40C4,fe64e77ae999a20cc62d016862a47f263287479c,6,128,117366,1517,4.566915157969471,2817,0,0.012760445143544493
puppetlabs/puppetlabs-kubernetes,Victor Cabezas,P40C5,7cb6c6ad8e71b3766e2a675adddafa8e0e38369e,6,544,143688,1574,4.529329118370215,2847,0,0.010835593617050571
puppetlabs/puppetlabs-kubernetes,Daiana_Mezdrea,P40C6,c4268d2ab4bf417bc34f2a680b217ba43ab8789b,7,594,144393,1615,4.422343324250681,2936,0,0.01106103775135609
puppetlabs/puppetlabs-kubernetes,Vladimir Zhukov,P40C7,197925d4cc2d2fdb23314bbef319045a9386011f,4,199,117366,1517,4.566915157969471,2817,0,0.012760445143544493
puppetlabs/puppetlabs-kubernetes,Tomas Barton,P40C8,a0a28a692b8ad4710d6555d798430704c060afd1,7,368,147359,1719,4.311594202898551,3036,1,0.011530876453936864
puppetlabs/puppetlabs-kubernetes,Daniel Fernández,P40C9,1d8b250868e9c226216c698da5280835fff8e86f,6,61,145795,1657,4.363119143239625,2988,1,0.011237555272224182
puppetlabs/puppetlabs-kubernetes,Auto-release,P40C10,42795a787c374d9dd37572d29d48feb5a9111b73,2,52677,143538,1528,4.554297842235585,2827,0,0.010533136641252947
puppetlabs/puppetlabs-kubernetes,Lukas Audzevicius,P40C11,55c462905346fb6cea1108466d73d4af83aa5056,4,226,147361,1719,4.311594202898551,3036,1,0.01153072176012879
puppetlabs/puppetlabs-kubernetes,David Swan,P40C12,eeb4e8c602f8321e4d3e5913fccc7a0e8314f1b7,3,44,143632,1538,4.529329118370215,2847,0,0.010594475442584557
puppetlabs/puppetlabs-kubernetes,daianamezdrea,P40C13,280be7d97670cd846884b3144f7adb1a76ed7d45,5,144,145658,1640,4.377478991596639,2975,0,0.011133891838314166
puppetlabs/puppetlabs-kubernetes,daiana,P40C14,03235acf06b6066c4e78618de520cc3440a9acf7,4,363,146558,1675,4.348767488341106,3002,1,0.011299778052120648
puppetlabs/puppetlabs-kubernetes,GitHub Action,P40C15,4ce52c4813a6871f3022c92e134bc64607a8c809,3,2462,146171,1657,4.363119143239625,2988,1,0.011208972589766485
puppetlabs/puppetlabs-kubernetes,Patrick Schönfeld,P40C16,2136a1bd52b2bd0db559ea9c66d07f39017a3605,3,6,117100,1516,4.579622372639829,2807,0,0.012780737843124031
puppetlabs/puppetlabs-kubernetes,Craig Gumbley,P40C17,9ff606810c4bf7310c42261588064afca2ade9fa,3,45,147329,1719,4.309414088215932,3038,1,0.011533197359239977
puppetlabs/puppetlabs-kubernetes,Marc Schöchlin,P40C18,6ad08c03ae6a7aafcda2b30c0d743246358ed72a,3,188,117198,1517,4.566915157969471,2817,0,0.012778503137766921
puppetlabs/puppetlabs-kubernetes,Sarah Coxon,P40C19,a5c99a451b9cd7d9f7dd0ca5cb62322afd940edf,3,32,147294,1719,4.309414088215932,3038,1,0.011535906263211935
google/volley,Joe Bowbeer,P41C1,f2cd49a8eec31460ecb34011798e08b97d622006,15,833,5843,3066,1.6396917148362236,519,6,0.3441463688404984
google/volley,sphill99,P41C2,40d4ffb7ec5dab4cfb32d6d19db8f45419742671,10,6214,7922,3267,1.653290529695024,623,6,0.29198319778353743
google/volley,Ulrike Hager,P41C3,b2bb59ab2ff08f4d468303071f050ce938349379,3,389,6426,3187,1.619718309859155,568,7,0.3315302194944346
google/volley,Michal Bendowski,P41C4,ab60b7c04a3e08420402a28afa37093c2010b660,4,59,5304,2910,1.614,500,6,0.3542731921110299
google/volley,Eric Liu,P41C5,aecb17b9c50e6a8b5c1676004dfd7c8f116c1c54,4,102,5846,3066,1.640926640926641,518,6,0.34403052064631956
google/volley,Samuel Yvon,P41C6,d0ab15b5f06d36d341dc5bccdf65751350f06049,3,62,5845,3069,1.6416184971098267,519,6,0.3442898810859322
google/volley,Tom Ye,P41C7,5d563ac2fab08f5e066c6fd6bbf012314be0bf8d,2,52,5307,2901,1.614,500,6,0.3534356725146199
google/volley,Ammar Aijazi,P41C8,321174452380acd5caa7c19aac99cb95a2ed0ff6,2,99,7528,3167,1.6683501683501682,594,5,0.2961196820944367
google/volley,Jaewoong Eum,P41C9,95a6796c40f570a723a73d9360dddbd0994ed1d4,2,75,7717,3192,1.6507413509060955,607,5,0.29260243835365296
google/volley,Narayan Kamath,P41C10,46741f2f5165cbf3cdc0c51107e5ffff8002af5b,2,22,4732,2612,1.6652360515021458,466,6,0.35566448801742917
google/volley,Yuhan Zhao,P41C11,dbfc43945655acaf7cc18e4a30ceb26a46c05f58,2,150,7747,3224,1.6535303776683088,609,5,0.2938656457934555
google/volley,Márton Braun,P41C12,86a88316940b2a04618c3a2f475b9d22005aac72,1,1068,11356,3995,1.664564943253468,793,7,0.2602436323366556
google/volley,Paul Smith,P41C13,5ba41f8670413973f587e435598f9f1724fa26e9,1,108,10496,4029,1.6654088050314466,795,7,0.27738382099827885
databricks/databricks-cli,Pieter Noordhuis,P42C1,f9a40f5f16b680d4b4f15922e954c3a1c40003aa,37,4727,9603,3193,1.901472253680634,883,13,0.24953110346983431
databricks/databricks-cli,Ege E,P42C2,d53172688b2c73bab69aed3d0593998cb1c633d8,4,113,7979,2804,1.8897535667963683,771,12,0.26003895019938794
databricks/databricks-cli,Mukul Murthy,P42C3,01932ec714118d5e0bea99bd5141ad3396c6a39a,4,394,6757,2528,1.882442748091603,655,10,0.2722670974690361
databricks/databricks-cli,Bogdan Ghita,P42C4,ebf48795b87d8e27a630cd1ba524a8e8f4c78966,4,178,6203,2349,1.886326194398682,607,9,0.27467259120673526
databricks/databricks-cli,Allen Reese,P42C5,c05438600cac60b59eceaf03430f9fe4c11f9037,3,40,5663,2228,1.8627450980392157,561,7,0.2823469775693828
databricks/databricks-cli,Adam Cain,P42C6,0e4c869d10e3ec0f438a47bbb4c6c21ddd3ed7de,7,261,11687,3901,1.7932564330079859,1127,14,0.2502566076469079
databricks/databricks-cli,William Chau,P42C7,ecfee346616fa4b6c4b5e12c6d00a0ccd25b7e1d,5,1849,12221,3973,1.8380530973451328,1130,14,0.2453377794244782
databricks/databricks-cli,Sushanth Varma Kanumuri,P42C8,22a6f38540f5c557f46c61606aaca4f0dc2498a5,5,347,7896,2815,1.8611825192802056,778,12,0.2628139296050789
databricks/databricks-cli,Jasper Koning,P42C9,8a9a5c31409a72b660ec0083465466a2cc60a8f7,4,875,8328,2975,1.8736059479553904,807,12,0.2632044589931877
databricks/databricks-cli,Philip Nord,P42C10,7a3a18b9e098cf60b2d653ab07f914892c87eef5,4,336,8860,3023,1.8695136417556346,843,13,0.2543970377850711
databricks/databricks-cli,Aakash Japi,P42C11,c20d5a99cae19414e28bfc8111f4ba2a1001d4c7,4,641,7385,2733,1.8579310344827586,725,11,0.2701126704882388
databricks/databricks-cli,Fabian Jakobs,P42C12,0f57371447fa6346ba049ab52c8e8de05293da23,4,126,9511,3193,1.896355353075171,878,13,0.251338161209068
databricks/databricks-cli,Alexandra Cong,P42C13,42c1608a07f32d466550ab3be01ce61aa0f1f10b,3,532,8315,2975,1.8734491315136477,806,12,0.26350752878653677
databricks/databricks-cli,Arul Ajmani,P42C14,fddead5865b75e0dbda0bf1690978983efd9d733,3,769,6663,2498,1.9107981220657277,639,10,0.2726776552778081
databricks/databricks-cli,Alex Ott,P42C15,3c723aa0d70bc66566d0a693c3c2029191c83690,3,111,8860,3023,1.8695136417556346,843,13,0.2543970377850711
databricks/databricks-cli,Pradeep,P42C16,a391083a7da5d50ee37a5b444f651d62ae594a1b,2,899,8920,3030,1.8699763593380614,846,13,0.2535564853556485
databricks/databricks-cli,sweisdb,P42C17,abbe415160a857e01f4f97dc55f2c59a400bd017,2,464,9295,3144,1.8651428571428572,875,13,0.25275343677144463
